#,Name,Tag,Accepted rate,LeetcodeID,Leetcode Link,Desc
1,Remove Vowels from a String,['String'],91.20%,1119,https://leetcode.com/problems/remove-vowels-from-a-string/description,"Given a string `s`, remove the vowels `'a'`, `'e'`, `'i'`, `'o'`, and `'u'` from it, and return the new string.
 
 
 Example 1:
 Input: s = ""leetcodeisacommunityforcoders""
 Output: ""ltcdscmmntyfrcdrs""
 
 Example 2:
 Input: s = ""aeiou""
 Output: """"
 
 Constraints:
 `1 <= s.length <= 1000`
 `s` consists of only lowercase English letters."
2,Defanging an IP Address,['String'],89.40%,1108,https://leetcode.com/problems/defanging-an-ip-address/description,"Given a valid (IPv4) IP `address`, return a defanged version of that IP address.
 
 A defanged IP address replaces every period `"".""` with `""[.]""`.
 
 
 Example 1:
 Input: address = ""1.1.1.1""
 Output: ""1[.]1[.]1[.]1""
 
 Example 2:
 Input: address = ""255.100.50.0""
 Output: ""255[.]100[.]50[.]0""
 
 Constraints:
 The given `address` is a valid IPv4 address."
3,Number of Good Pairs,"['Array', 'Hash Table', 'Math', '1+']",89.30%,1512,https://leetcode.com/problems/number-of-good-pairs/description,"Given an array of integers `nums`.
 
 A pair `(i,j)` is called good if `nums[i]` == `nums[j]` and `i` < `j`.
 
 Return the number of good pairs.
 
 
 Example 1:
 Input: nums = [1,2,3,1,1,3]
 Output: 4
 Explanation: There are 4 good pairs (0,3), (0,4), (3,4), (2,5) 0-indexed.
 
 
 Example 2:
 Input: nums = [1,1,1,1]
 Output: 6
 Explanation: Each pair in the array are good.
 
 
 Example 3:
 Input: nums = [1,2,3]
 Output: 0
 
 Constraints:
 `1 <= nums.length <= 100`
 `1 <= nums[i] <= 100`"
4,Shuffle the Array,['Array'],0.887,1470,https://leetcode.com/problems/shuffle-the-array/description,"Given the array `nums` consisting of `2n` elements in the form `[x1,x2,...,xn,y1,y2,...,yn]`.
 
 Return the array in the form `[x1,y1,x2,y2,...,xn,yn]`.
 
 
 Example 1:
 Input: nums = [2,5,1,3,4,7], n = 3
 Output: [2,3,5,4,1,7] 
 Explanation: Since x1=2, x2=5, x3=1, y1=3, y2=4, y3=7 then the answer is [2,3,5,4,1,7].
 
 
 Example 2:
 Input: nums = [1,2,3,4,4,3,2,1], n = 4
 Output: [1,4,2,3,3,2,4,1]
 
 Example 3:
 Input: nums = [1,1,2,2], n = 2
 Output: [1,2,1,2]
 
 Constraints:
 `1 <= n <= 500`
 `nums.length == 2n`
 `1 <= nums[i] <= 10^3`"
5,Richest Customer Wealth,"['Array', 'Matrix']",0.883,1672,https://leetcode.com/problems/richest-customer-wealth/description,"You are given an `m x n` integer grid `accounts` where `accounts[i][j]` is the amount of money the `i​​​​​​​​​​​th​​​​` customer has in the `j​​​​​​​​​​​th`​​​​ bank. Return the wealth that the richest customer has.
 
 A customer's wealth is the amount of money they have in all their bank accounts. The richest customer is the customer that has the maximum wealth.
 
 
 Example 1:
 Input: accounts = [[1,2,3],[3,2,1]]
 Output: 6
 Explanation:
 `1st customer has wealth = 1 + 2 + 3 = 6
 ``2nd customer has wealth = 3 + 2 + 1 = 6
 `Both customers are considered the richest with a wealth of 6 each, so return 6.
 
 
 Example 2:
 Input: accounts = [[1,5],[7,3],[3,5]]
 Output: 10
 Explanation: 
 1st customer has wealth = 6
 2nd customer has wealth = 10 
 3rd customer has wealth = 8
 The 2nd customer is the richest with a wealth of 10.
 
 
 Example 3:
 Input: accounts = [[2,8,7],[7,1,3],[1,9,5]]
 Output: 17
 
 Constraints:
 `m == accounts.length`
 `n == accounts[i].length`
 `1 <= m, n <= 50`
 `1 <= accounts[i][j] <= 100`"
6,Count the Number of Consistent Strings,"['Array', 'Hash Table', 'String', '2+']",88.10%,1684,https://leetcode.com/problems/count-the-number-of-consistent-strings/description,"You are given a string `allowed` consisting of distinct characters and an array of strings `words`. A string is consistent if all characters in the string appear in the string `allowed`.
 
 Return the number of consistent strings in the array `words`.
 
 
 Example 1:
 Input: allowed = ""ab"", words = [""ad"",""bd"",""aaab"",""baa"",""badab""]
 Output: 2
 Explanation: Strings ""aaab"" and ""baa"" are consistent since they only contain characters 'a' and 'b'.
 
 
 Example 2:
 Input: allowed = ""abc"", words = [""a"",""b"",""c"",""ab"",""ac"",""bc"",""abc""]
 Output: 7
 Explanation: All strings are consistent.
 
 
 Example 3:
 Input: allowed = ""cad"", words = [""cc"",""acd"",""b"",""ba"",""bac"",""bad"",""ac"",""d""]
 Output: 4
 Explanation: Strings ""cc"", ""acd"", ""ac"", and ""d"" are consistent.
 
 
 Constraints:
 `1 <= words.length <= 104`
 `1 <= allowed.length <= 26`
 `1 <= words[i].length <= 10`
 The characters in `allowed` are distinct.
 
 `words[i]` and `allowed` contain only lowercase English letters."
7,Kids With the Greatest Number of Candies,['Array'],87.80%,1431,https://leetcode.com/problems/kids-with-the-greatest-number-of-candies/description,"Given the array `candies` and the integer `extraCandies`, where `candies[i]` represents the number of candies that the ith kid has.
 
 For each kid check if there is a way to distribute `extraCandies` among the kids such that he or she can have the greatest number of candies among them. Notice that multiple kids can have the greatest number of candies.
 
 
 Example 1:
 Input: candies = [2,3,5,1,3], extraCandies = 3
 Output: [true,true,true,false,true] 
 Explanation: 
 Kid 1 has 2 candies and if he or she receives all extra candies (3) will have 5 candies --- the greatest number of candies among the kids. 
 Kid 2 has 3 candies and if he or she receives at least 2 extra candies will have the greatest number of candies among the kids. 
 Kid 3 has 5 candies and this is already the greatest number of candies among the kids. 
 Kid 4 has 1 candy and even if he or she receives all extra candies will only have 4 candies. 
 Kid 5 has 3 candies and if he or she receives at least 2 extra candies will have the greatest number of candies among the kids. 
 
 Example 2:
 Input: candies = [4,2,1,1,2], extraCandies = 1
 Output: [true,false,false,false,false] 
 Explanation: There is only 1 extra candy, therefore only kid 1 will have the greatest number of candies among the kids regardless of who takes the extra candy.
 
 
 Example 3:
 Input: candies = [12,1,12], extraCandies = 10
 Output: [true,false,true]
 
 Constraints:
 `2 <= candies.length <= 100`
 `1 <= candies[i] <= 100`
 `1 <= extraCandies <= 50`"
8,Goal Parser Interpretation,['String'],87.50%,1678,https://leetcode.com/problems/goal-parser-interpretation/description,"You own a Goal Parser that can interpret a string `command`. The `command` consists of an alphabet of `""G""`, `""()""` and/or `""(al)""` in some order. The Goal Parser will interpret `""G""` as the string `""G""`, `""()""` as the string `""o""`, and `""(al)""` as the string `""al""`. The interpreted strings are then concatenated in the original order.
 
 Given the string `command`, return the Goal Parser's interpretation of `command`.
 
 
 Example 1:
 Input: command = ""G()(al)""
 Output: ""Goal""
 Explanation: The Goal Parser interprets the command as follows:
 G -> G
 () -> o
 (al) -> al
 The final concatenated result is ""Goal"".
 
 
 Example 2:
 Input: command = ""G()()()()(al)""
 Output: ""Gooooal""
 
 Example 3:
 Input: command = ""(al)G(al)()()G""
 Output: ""alGalooG""
 
 Constraints:
 `1 <= command.length <= 100`
 `command` consists of `""G""`, `""()""`, and/or `""(al)""` in some order."
9,How Many Numbers Are Smaller Than the Current Number,"['Array', 'Hash Table', 'Sorting', '1+']",87.00%,1365,https://leetcode.com/problems/how-many-numbers-are-smaller-than-the-current-number/description,"Given the array `nums`, for each `nums[i]` find out how many numbers in the array are smaller than it. That is, for each `nums[i]` you have to count the number of valid `j's` such that `j != i` and `nums[j] < nums[i]`.
 
 Return the answer in an array.
 
 
 Example 1:
 Input: nums = [8,1,2,2,3]
 Output: [4,0,1,1,3]
 Explanation: 
 For nums[0]=8 there exist four smaller numbers than it (1, 2, 2 and 3). 
 For nums[1]=1 does not exist any smaller number than it.
 
 For nums[2]=2 there exist one smaller number than it (1). 
 For nums[3]=2 there exist one smaller number than it (1). 
 For nums[4]=3 there exist three smaller numbers than it (1, 2 and 2).
 
 
 Example 2:
 Input: nums = [6,5,4,8]
 Output: [2,1,0,3]
 
 Example 3:
 Input: nums = [7,7,7,7]
 Output: [0,0,0,0]
 
 Constraints:
 `2 <= nums.length <= 500`
 `0 <= nums[i] <= 100`"
10,Running Sum of 1d Array,"['Array', 'Prefix Sum']",86.90%,1480,https://leetcode.com/problems/running-sum-of-1d-array/description,"Given an array `nums`. We define a running sum of an array as `runningSum[i] = sum(nums[0]...nums[i])`.
 
 Return the running sum of `nums`.
 
 
 Example 1:
 Input: nums = [1,2,3,4]
 Output: [1,3,6,10]
 Explanation: Running sum is obtained as follows: [1, 1+2, 1+2+3, 1+2+3+4].
 
 
 Example 2:
 Input: nums = [1,1,1,1,1]
 Output: [1,2,3,4,5]
 Explanation: Running sum is obtained as follows: [1, 1+1, 1+1+1, 1+1+1+1, 1+1+1+1+1].
 
 
 Example 3:
 Input: nums = [3,1,2,10,1]
 Output: [3,4,6,16,17]
 
 Constraints:
 `1 <= nums.length <= 1000`
 `-10^6 <= nums[i] <= 10^6`"
11,Subtract the Product and Sum of Digits of an Integer,['Math'],86.60%,1281,https://leetcode.com/problems/subtract-the-product-and-sum-of-digits-of-an-integer/description,"Given an integer number `n`, return the difference between the product of its digits and the sum of its digits.
 
 
 Example 1:
 Input: n = 234
 Output: 15 
 Explanation: 
 Product of digits = 2 * 3 * 4 = 24 
 Sum of digits = 2 + 3 + 4 = 9 
 Result = 24 - 9 = 15
 
 Example 2:
 Input: n = 4421
 Output: 21
 Explanation: 
 Product of digits = 4 * 4 * 2 * 1 = 32 
 Sum of digits = 4 + 4 + 2 + 1 = 11 
 Result = 32 - 11 = 21
 
 Constraints:
 `1 <= n <= 10^5`"
12,Split a String in Balanced Strings,"['String', 'Greedy', 'Counting']",86.50%,1221,https://leetcode.com/problems/split-a-string-in-balanced-strings/description,"Balanced strings are those that have an equal quantity of `'L'` and `'R'` characters.
 
 Given a balanced string `s`, split it in the maximum amount of balanced strings.
 
 Return the maximum amount of split balanced strings.
 
 
 Example 1:
 Input: s = ""RLRRLLRLRL""
 Output: 4
 Explanation: s can be split into ""RL"", ""RRLL"", ""RL"", ""RL"", each substring contains same number of 'L' and 'R'.
 
 
 Example 2:
 Input: s = ""RLLLLRRRLR""
 Output: 3
 Explanation: s can be split into ""RL"", ""LLLRRR"", ""LR"", each substring contains same number of 'L' and 'R'.
 
 
 Example 3:
 Input: s = ""LLLLRRRR""
 Output: 1
 Explanation: s can be split into ""LLLLRRRR"".
 
 
 Example 4:
 Input: s = ""RLRRRLLRLL""
 Output: 2
 Explanation: s can be split into ""RL"", ""RRRLLRLL"", since each substring contains an equal number of 'L' and 'R'
 
 Constraints:
 `1 <= s.length <= 1000`
 `s[i]` is either `'L'` or `'R'`.
 
 `s` is a balanced string."
13,Create Target Array in the Given Order,"['Array', 'Simulation']",86.10%,1389,https://leetcode.com/problems/create-target-array-in-the-given-order/description,"Given two arrays of integers `nums` and `index`. Your task is to create target array under the following rules:
 Initially target array is empty.
 
 From left to right read nums[i] and index[i], insert at index `index[i]` the value `nums[i]` in target array.
 
 Repeat the previous step until there are no elements to read in `nums` and `index.`
 Return the target array.
 
 It is guaranteed that the insertion operations will be valid.
 
 
 Example 1:
 Input: nums = [0,1,2,3,4], index = [0,1,2,2,1]
 Output: [0,4,1,3,2]
 Explanation:
 nums index target
 0 0 [0]
 1 1 [0,1]
 2 2 [0,1,2]
 3 2 [0,1,3,2]
 4 1 [0,4,1,3,2]
 
 Example 2:
 Input: nums = [1,2,3,4,0], index = [0,1,2,3,0]
 Output: [0,1,2,3,4]
 Explanation:
 nums index target
 1 0 [1]
 2 1 [1,2]
 3 2 [1,2,3]
 4 3 [1,2,3,4]
 0 0 [0,1,2,3,4]
 
 Example 3:
 Input: nums = [1], index = [0]
 Output: [1]
 
 Constraints:
 `1 <= nums.length, index.length <= 100`
 `nums.length == index.length`
 `0 <= nums[i] <= 100`
 `0 <= index[i] <= i`"
14,Decompress Run-Length Encoded List,['Array'],85.90%,1313,https://leetcode.com/problems/decompress-run-length-encoded-list/description,"We are given a list `nums` of integers representing a list compressed with run-length encoding.
 
 Consider each adjacent pair of elements `[freq, val] = [nums[2*i], nums[2*i+1]]` (with `i >= 0`). For each such pair, there are `freq` elements with value `val` concatenated in a sublist. Concatenate all the sublists from left to right to generate the decompressed list.
 
 Return the decompressed list.
 
 
 Example 1:
 Input: nums = [1,2,3,4]
 Output: [2,4,4,4]
 Explanation: The first pair [1,2] means we have freq = 1 and val = 2 so we generate the array [2].
 
 The second pair [3,4] means we have freq = 3 and val = 4 so we generate [4,4,4].
 
 At the end the concatenation [2] + [4,4,4] is [2,4,4,4].
 
 
 Example 2:
 Input: nums = [1,1,2,3]
 Output: [1,3,3]
 
 Constraints:
 `2 <= nums.length <= 100`
 `nums.length % 2 == 0`
 `1 <= nums[i] <= 100`"
15,Count of Matches in Tournament,"['Math', 'Simulation']",85.70%,1688,https://leetcode.com/problems/count-of-matches-in-tournament/description,"You are given an integer `n`, the number of teams in a tournament that has strange rules:
 If the current number of teams is even, each team gets paired with another team. A total of `n / 2` matches are played, and `n / 2` teams advance to the next round.
 
 If the current number of teams is odd, one team randomly advances in the tournament, and the rest gets paired. A total of `(n - 1) / 2` matches are played, and `(n - 1) / 2 + 1` teams advance to the next round.
 
 Return the number of matches played in the tournament until a winner is decided.
 
 
 Example 1:
 Input: n = 7
 Output: 6
 Explanation: Details of the tournament: 
 - 1st Round: Teams = 7, Matches = 3, and 4 teams advance.
 
 - 2nd Round: Teams = 4, Matches = 2, and 2 teams advance.
 
 - 3rd Round: Teams = 2, Matches = 1, and 1 team is declared the winner.
 
 Total number of matches = 3 + 2 + 1 = 6.
 
 
 Example 2:
 Input: n = 14
 Output: 13
 Explanation: Details of the tournament:
 - 1st Round: Teams = 14, Matches = 7, and 7 teams advance.
 
 - 2nd Round: Teams = 7, Matches = 3, and 4 teams advance.
 
 - 3rd Round: Teams = 4, Matches = 2, and 2 teams advance.
 
 - 4th Round: Teams = 2, Matches = 1, and 1 team is declared the winner.
 
 Total number of matches = 7 + 3 + 2 + 1 = 13.
 
 
 Constraints:
 `1 <= n <= 200`"
16,Truncate Sentence,"['Array', 'String']",85.70%,1816,https://leetcode.com/problems/truncate-sentence/description,"A sentence is a list of words that are separated by a single space with no leading or trailing spaces. Each of the words consists of only uppercase and lowercase English letters (no punctuation).
 
 For example, `""Hello World""`, `""HELLO""`, and `""hello world hello world""` are all sentences.
 
 You are given a sentence `s`​​​​​​ and an integer `k`​​​​​​. You want to truncate `s`​​​​​​ such that it contains only the first `k`​​​​​​ words. Return `s`​​​​​​ after truncating it.
 
 
 Example 1:
 Input: s = ""Hello how are you Contestant"", k = 4
 Output: ""Hello how are you""
 Explanation:
 The words in s are [""Hello"", ""how"" ""are"", ""you"", ""Contestant""].
 
 The first 4 words are [""Hello"", ""how"", ""are"", ""you""].
 
 Hence, you should return ""Hello how are you"".
 
 
 Example 2:
 Input: s = ""What is the solution to this problem"", k = 4
 Output: ""What is the solution""
 Explanation:
 The words in s are [""What"", ""is"" ""the"", ""solution"", ""to"", ""this"", ""problem""].
 
 The first 4 words are [""What"", ""is"", ""the"", ""solution""].
 
 Hence, you should return ""What is the solution"".
 
 
 Example 3:
 Input: s = ""chopper is not a tanuki"", k = 5
 Output: ""chopper is not a tanuki""
 
 Constraints:
 `1 <= s.length <= 500`
 `k` is in the range `[1, the number of words in s]`.
 
 `s` consist of only lowercase and uppercase English letters and spaces.
 
 The words in `s` are separated by a single space.
 
 There are no leading or trailing spaces."
17,Check If Two String Arrays are Equivalent,"['Array', 'String']",85.60%,1662,https://leetcode.com/problems/check-if-two-string-arrays-are-equivalent/description,"Given two string arrays `word1` and `word2`, return `true` if the two arrays represent the same string, and `false` otherwise.
 
 A string is represented by an array if the array elements concatenated in order forms the string.
 
 
 Example 1:
 Input: word1 = [""ab"", ""c""], word2 = [""a"", ""bc""]
 Output: true
 Explanation:
 word1 represents string ""ab"" + ""c"" -> ""abc""
 word2 represents string ""a"" + ""bc"" -> ""abc""
 The strings are the same, so return true.
 
 
 Example 2:
 Input: word1 = [""a"", ""cb""], word2 = [""ab"", ""c""]
 Output: false
 
 Example 3:
 Input: word1 = [""abc"", ""d"", ""defg""], word2 = [""abcddefg""]
 Output: true
 
 Constraints:
 `1 <= word1.length, word2.length <= 103`
 `1 <= word1[i].length, word2[i].length <= 103`
 `1 <= sum(word1[i].length), sum(word2[i].length) <= 103`
 `word1[i]` and `word2[i]` consist of lowercase letters."
18,Shuffle String,"['Array', 'String']",84.90%,1528,https://leetcode.com/problems/shuffle-string/description,"Given a string `s` and an integer array `indices` of the same length.
 
 The string `s` will be shuffled such that the character at the `ith` position moves to `indices[i]` in the shuffled string.
 
 Return the shuffled string.
 
 
 Example 1:
 Input: s = ""codeleet"", `indices` = [4,5,6,7,0,2,1,3]
 Output: ""leetcode""
 Explanation: As shown, ""codeleet"" becomes ""leetcode"" after shuffling.
 
 
 Example 2:
 Input: s = ""abc"", `indices` = [0,1,2]
 Output: ""abc""
 Explanation: After shuffling, each character remains in its position.
 
 
 Example 3:
 Input: s = ""aiohn"", `indices` = [3,1,4,2,0]
 Output: ""nihao""
 
 Example 4:
 Input: s = ""aaiougrt"", `indices` = [4,0,2,6,7,3,1,5]
 Output: ""arigatou""
 
 Example 5:
 Input: s = ""art"", `indices` = [1,0,2]
 Output: ""rat""
 
 Constraints:
 `s.length == indices.length == n`
 `1 <= n <= 100`
 `s` contains only lower-case English letters.
 
 `0 <= indices[i] < n`
 All values of `indices` are unique (i.e. `indices` is a permutation of the integers from `0` to `n - 1`)."
19,Count Items Matching a Rule,"['Array', 'String']",84.70%,1773,https://leetcode.com/problems/count-items-matching-a-rule/description,"You are given an array `items`, where each `items[i] = [typei, colori, namei]` describes the type, color, and name of the `ith` item. You are also given a rule represented by two strings, `ruleKey` and `ruleValue`.
 
 The `ith` item is said to match the rule if one of the following is true:
 `ruleKey == ""type""` and `ruleValue == typei`.
 
 `ruleKey == ""color""` and `ruleValue == colori`.
 
 `ruleKey == ""name""` and `ruleValue == namei`.
 
 Return the number of items that match the given rule.
 
 
 Example 1:
 Input: items = [[""phone"",""blue"",""pixel""],[""computer"",""silver"",""lenovo""],[""phone"",""gold"",""iphone""]], ruleKey = ""color"", ruleValue = ""silver""
 Output: 1
 Explanation: There is only one item matching the given rule, which is [""computer"",""silver"",""lenovo""].
 
 
 Example 2:
 Input: items = [[""phone"",""blue"",""pixel""],[""computer"",""silver"",""phone""],[""phone"",""gold"",""iphone""]], ruleKey = ""type"", ruleValue = ""phone""
 Output: 2
 Explanation: There are only two items matching the given rule, which are [""phone"",""blue"",""pixel""] and [""phone"",""gold"",""iphone""]. Note that the item [""computer"",""silver"",""phone""] does not match.
 
 
 Constraints:
 `1 <= items.length <= 104`
 `1 <= typei.length, colori.length, namei.length, ruleValue.length <= 10`
 `ruleKey` is equal to either `""type""`, `""color""`, or `""name""`.
 
 All strings consist only of lowercase letters."
20,Design an Ordered Stream,"['Array', 'Hash Table', 'Design', '1+']",84.40%,1656,https://leetcode.com/problems/design-an-ordered-stream/description,"There is a stream of `n` `(idKey, value)` pairs arriving in an arbitrary order, where `idKey` is an integer between `1` and `n` and `value` is a string. No two pairs have the same `id`.
 
 Design a stream that returns the values in increasing order of their IDs by returning a chunk (list) of values after each insertion. The concatenation of all the chunks should result in a list of the sorted values.
 
 Implement the `OrderedStream` class:
 `OrderedStream(int n)` Constructs the stream to take `n` values.
 
 `String[] insert(int idKey, String value)` Inserts the pair `(idKey, value)` into the stream, then returns the largest possible chunk of currently inserted values that appear next in the order.
 
 
 Example:
 Input
 [""OrderedStream"", ""insert"", ""insert"", ""insert"", ""insert"", ""insert""]
 [[5], [3, ""ccccc""], [1, ""aaaaa""], [2, ""bbbbb""], [5, ""eeeee""], [4, ""ddddd""]]
 Output
 [null, [], [""aaaaa""], [""bbbbb"", ""ccccc""], [], [""ddddd"", ""eeeee""]]
 Explanation
 // Note that the values ordered by ID is [""aaaaa"", ""bbbbb"", ""ccccc"", ""ddddd"", ""eeeee""].
 
 OrderedStream os = new OrderedStream(5);
 os.insert(3, ""ccccc""); // Inserts (3, ""ccccc""), returns [].
 
 os.insert(1, ""aaaaa""); // Inserts (1, ""aaaaa""), returns [""aaaaa""].
 
 os.insert(2, ""bbbbb""); // Inserts (2, ""bbbbb""), returns [""bbbbb"", ""ccccc""].
 
 os.insert(5, ""eeeee""); // Inserts (5, ""eeeee""), returns [].
 
 os.insert(4, ""ddddd""); // Inserts (4, ""ddddd""), returns [""ddddd"", ""eeeee""].
 
 // Concatentating all the chunks returned:
 // [] + [""aaaaa""] + [""bbbbb"", ""ccccc""] + [] + [""ddddd"", ""eeeee""] = [""aaaaa"", ""bbbbb"", ""ccccc"", ""ddddd"", ""eeeee""]
 // The resulting order is the same as the order above.
 
 
 Constraints:
 `1 <= n <= 1000`
 `1 <= id <= n`
 `value.length == 5`
 `value` consists only of lowercase letters.
 
 Each call to `insert` will have a unique `id.`
 Exactly `n` calls will be made to `insert`."
21,To Lower Case,['String'],83.80%,709,https://leetcode.com/problems/to-lower-case/description,"Implement function ToLowerCase() that has a string parameter str, and returns the same string in lowercase.
 
 
 Example 1:
 Input: ""Hello""
 Output: ""hello""
 
 Example 2:
 Input: ""here""
 Output: ""here""
 
 Example 3:
 Input: ""LOVELY""
 Output: ""lovely"""
22,Find Anagram Mappings,"['Array', 'Hash Table']",83.70%,760,https://leetcode.com/problems/find-anagram-mappings/description,"Given two lists `A`and `B`, and `B` is an anagram of `A`. `B` is an anagram of `A` means `B` is made by randomizing the order of the elements in `A`.
 
 We want to find an index mapping `P`, from `A` to `B`. A mapping `P[i] = j` means the `i`th element in `A` appears in `B` at index `j`.
 
 These lists `A` and `B` may contain duplicates. If there are multiple answers, output any of them.
 
 For example, given
 A = [12, 28, 46, 32, 50]
 B = [50, 12, 32, 46, 28]
 We should return
 [1, 4, 3, 2, 0]
 as `P[0] = 1` because the `0`th element of `A` appears at `B[1]`,
 and `P[1] = 4` because the `1`st element of `A` appears at `B[4]`,
 and so on.
 
 Note:
 `A, B` have equal lengths in range `[1, 100]`.
 
 `A[i], B[i]` are integers in range `[0, 10^5]`."
23,Find the Highest Altitude,"['Array', 'Prefix Sum']",83.60%,1732,https://leetcode.com/problems/find-the-highest-altitude/description,"There is a biker going on a road trip. The road trip consists of `n + 1` points at different altitudes. The biker starts his trip on point `0` with altitude equal `0`.
 
 You are given an integer array `gain` of length `n` where `gain[i]` is the net gain in altitude between points `i`​​​​​​ and `i + 1` for all (`0 <= i < n)`. Return the highest altitude of a point.
 
 
 Example 1:
 Input: gain = [-5,1,5,0,-7]
 Output: 1
 Explanation: The altitudes are [0,-5,-4,1,1,-6]. The highest is 1.
 
 
 Example 2:
 Input: gain = [-4,-3,-2,-1,4,3,2]
 Output: 0
 Explanation: The altitudes are [0,-4,-7,-9,-10,-6,-3,-1]. The highest is 0.
 
 
 Constraints:
 `n == gain.length`
 `1 <= n <= 100`
 `-100 <= gain[i] <= 100`"
24,Matrix Diagonal Sum,"['Array', 'Matrix']",83.30%,1572,https://leetcode.com/problems/matrix-diagonal-sum/description,"Given a square matrix `mat`, return the sum of the matrix diagonals.
 
 Only include the sum of all the elements on the primary diagonal and all the elements on the secondary diagonal that are not part of the primary diagonal.
 
 
 Example 1:
 Input: mat = [[1,2,3],
  [4,5,6],
  [7,8,9]]
 Output: 25
 Explanation: Diagonals sum: 1 + 5 + 9 + 3 + 7 = 25
 Notice that element mat[1][1] = 5 is counted only once.
 
 
 Example 2:
 Input: mat = [[1,1,1,1],
  [1,1,1,1],
  [1,1,1,1],
  [1,1,1,1]]
 Output: 8
 
 Example 3:
 Input: mat = [[5]]
 Output: 5
 
 Constraints:
 `n == mat.length == mat[i].length`
 `1 <= n <= 100`
 `1 <= mat[i][j] <= 100`"
25,Sum of All Odd Length Subarrays,"['Array', 'Math', 'Prefix Sum']",83.30%,1588,https://leetcode.com/problems/sum-of-all-odd-length-subarrays/description,"Given an array of positive integers `arr`, calculate the sum of all possible odd-length subarrays.
 
 A subarray is a contiguous subsequence of the array.
 
 Return the sum of all odd-length subarrays of `arr`.
 
 
 Example 1:
 Input: arr = [1,4,2,5,3]
 Output: 58
 Explanation: The odd-length subarrays of arr and their sums are:
 [1] = 1
 [4] = 4
 [2] = 2
 [5] = 5
 [3] = 3
 [1,4,2] = 7
 [4,2,5] = 11
 [2,5,3] = 10
 [1,4,2,5,3] = 15
 If we add all these together we get 1 + 4 + 2 + 5 + 3 + 7 + 11 + 10 + 15 = 58
 
 Example 2:
 Input: arr = [1,2]
 Output: 3
 Explanation: There are only 2 subarrays of odd length, [1] and [2]. Their sum is 3.
 
 
 Example 3:
 Input: arr = [10,11,12]
 Output: 66
 
 Constraints:
 `1 <= arr.length <= 100`
 `1 <= arr[i] <= 1000`"
26,Unique Morse Code Words,"['Array', 'Hash Table', 'String']",83.00%,804,https://leetcode.com/problems/unique-morse-code-words/description,"International Morse Code defines a standard encoding where each letter is mapped to a series of dots and dashes, as follows: `""a""` maps to `"".-""`, `""b""` maps to `""-...""`, `""c""` maps to `""-.-.""`, and so on.
 
 For convenience, the full table for the 26 letters of the English alphabet is given below:
 ["".-"",""-..."",""-.-."",""-.."",""."",""..-."",""--."",""...."","".."","".---"",""-.-"","".-.."",""--"",""-."",""---"","".--."",""--.-"","".-."",""..."",""-"",""..-"",""...-"","".--"",""-..-"",""-.--"",""--..""]
 Now, given a list of words, each word can be written as a concatenation of the Morse code of each letter. For example, ""cab"" can be written as ""-.-..--..."", (which is the concatenation ""-.-."" + "".-"" + ""`-...`""). We'll call such a concatenation, the transformation of a word.
 
 Return the number of different transformations among all words we have.
 
 
 Example:
 Input: words = [""gin"", ""zen"", ""gig"", ""msg""]
 Output: 2
 Explanation: 
 The transformation of each word is:
 ""gin"" -> ""--...-.""
 ""zen"" -> ""--...-.""
 ""gig"" -> ""--...--.""
 ""msg"" -> ""--...--.""
 There are 2 different transformations, ""--...-."" and ""--...--."".
 
 Note:
 The length of `words` will be at most `100`.
 
 Each `words[i]` will have length in range `[1, 12]`.
 
 `words[i]` will only consist of lowercase letters."
27,Maximum Product of Two Elements in an Array,"['Array', 'Sorting', 'Heap (Priority Queue)']",83.00%,1464,https://leetcode.com/problems/maximum-product-of-two-elements-in-an-array/description,"Given the array of integers `nums`, you will choose two different indices `i` and `j` of that array. Return the maximum value of `(nums[i]-1)*(nums[j]-1)`.
 
 
 Example 1:
 Input: nums = [3,4,5,2]
 Output: 12 
 Explanation: If you choose the indices i=1 and j=2 (indexed from 0), you will get the maximum value, that is, (nums[1]-1)*(nums[2]-1) = (4-1)*(5-1) = 3*4 = 12. 
 
 Example 2:
 Input: nums = [1,5,4,5]
 Output: 16
 Explanation: Choosing the indices i=1 and j=3 (indexed from 0), you will get the maximum value of (5-1)*(5-1) = 16.
 
 
 Example 3:
 Input: nums = [3,7]
 Output: 12
 
 Constraints:
 `2 <= nums.length <= 500`
 `1 <= nums[i] <= 10^3`"
28,Flipping an Image,"['Array', 'Two Pointers', '3+']",82.50%,832,https://leetcode.com/problems/flipping-an-image/description,"Given an `n x n` binary matrix `image`, flip the image horizontally, then invert it, and return the resulting image.
 
 To flip an image horizontally means that each row of the image is reversed.
 
 For example, flipping `[1,1,0]` horizontally results in `[0,1,1]`.
 
 To invert an image means that each `0` is replaced by `1`, and each `1` is replaced by `0`.
 
 For example, inverting `[0,1,1]` results in `[1,0,0]`.
 
 
 Example 1:
 Input: image = [[1,1,0],[1,0,1],[0,0,0]]
 Output: [[1,0,0],[0,1,0],[1,1,1]]
 Explanation: First reverse each row: [[0,1,1],[1,0,1],[0,0,0]].
 
 Then, invert the image: [[1,0,0],[0,1,0],[1,1,1]]
 
 Example 2:
 Input: image = [[1,1,0,0],[1,0,0,1],[0,1,1,1],[1,0,1,0]]
 Output: [[1,1,0,0],[0,1,1,0],[0,0,0,1],[1,0,1,0]]
 Explanation: First reverse each row: [[0,0,1,1],[1,0,0,1],[1,1,1,0],[0,1,0,1]].
 
 Then invert the image: [[1,1,0,0],[0,1,1,0],[0,0,0,1],[1,0,1,0]]
 
 Constraints:
 `n == image.length`
 `n == image[i].length`
 `1 <= n <= 20`
 `images[i][j]` is either `0` or `1`."
29,Maximum 69 Number,"['Math', 'Greedy']",82.50%,1323,https://leetcode.com/problems/maximum-69-number/description,"Given a positive integer `num` consisting only of digits 6 and 9.
 
 Return the maximum number you can get by changing at most one digit (6 becomes 9, and 9 becomes 6).
 
 
 Example 1:
 Input: num = 9669
 Output: 9969
 Explanation: 
 Changing the first digit results in 6669.
 
 Changing the second digit results in 9969.
 
 Changing the third digit results in 9699.
 
 Changing the fourth digit results in 9666. 
 The maximum number is 9969.
 
 
 Example 2:
 Input: num = 9996
 Output: 9999
 Explanation: Changing the last digit 6 to 9 results in the maximum number.
 
 
 Example 3:
 Input: num = 9999
 Output: 9999
 Explanation: It is better not to apply any change.
 
 
 Constraints:
 `1 <= num <= 10^4`
 `num`'s digits are 6 or 9."
30,Minimum Time Visiting All Points,"['Array', 'Math', 'Geometry']",82.40%,1266,https://leetcode.com/problems/minimum-time-visiting-all-points/description,"On a 2D plane, there are `n` points with integer coordinates `points[i] = [xi, yi]`. Return the minimum time in seconds to visit all the points in the order given by `points`.
 
 You can move according to these rules:
 In `1` second, you can either:
 
 move vertically by one unit,
 move horizontally by one unit, or
 move diagonally `sqrt(2)` units (in other words, move one unit vertically then one unit horizontally in `1` second).
 
 You have to visit the points in the same order as they appear in the array.
 
 You are allowed to pass through points that appear later in the order, but these do not count as visits.
 
 
 Example 1:
 Input: points = [[1,1],[3,4],[-1,0]]
 Output: 7
 Explanation: One optimal path is [1,1] -> [2,2] -> [3,3] -> [3,4] -> [2,3] -> [1,2] -> [0,1] -> [-1,0] 
 Time from [1,1] to [3,4] = 3 seconds 
 Time from [3,4] to [-1,0] = 4 seconds
 Total time = 7 seconds
 
 Example 2:
 Input: points = [[3,2],[-2,2]]
 Output: 5
 
 Constraints:
 `points.length == n`
 `1 <= n <= 100`
 `points[i].length == 2`
 `-1000 <= points[i][0], points[i][1] <= 1000`"
31,Count Good Triplets,"['Array', 'Enumeration']",81.50%,1534,https://leetcode.com/problems/count-good-triplets/description,"Given an array of integers `arr`, and three integers `a`, `b` and `c`. You need to find the number of good triplets.
 
 A triplet `(arr[i], arr[j], arr[k])` is good if the following conditions are true:
 `0 <= i < j < k < arr.length`
 `|arr[i] - arr[j]| <= a`
 `|arr[j] - arr[k]| <= b`
 `|arr[i] - arr[k]| <= c`
 Where `|x|` denotes the absolute value of `x`.
 
 Return the number of good triplets.
 
 
 Example 1:
 Input: arr = [3,0,1,1,9,7], a = 7, b = 2, c = 3
 Output: 4
 Explanation: There are 4 good triplets: [(3,0,1), (3,0,1), (3,1,1), (0,1,1)].
 
 
 Example 2:
 Input: arr = [1,1,2,2,3], a = 0, b = 0, c = 1
 Output: 0
 Explanation: No triplet satisfies all conditions.
 
 
 Constraints:
 `3 <= arr.length <= 100`
 `0 <= arr[i] <= 1000`
 `0 <= a, b, c <= 1000`"
32,Height Checker,"['Array', 'Sorting', 'Counting Sort']",80.90%,1051,https://leetcode.com/problems/height-checker/description,"A school is trying to take an annual photo of all the students. The students are asked to stand in a single file line in non-decreasing order by height. Let this ordering be represented by the integer array `expected` where `expected[i]` is the expected height of the `ith` student in line.
 
 You are given an integer array `heights` representing the current order that the students are standing in. Each `heights[i]` is the height of the `ith` student in line (0-indexed).
 
 Return the number of indices where `heights[i] != expected[i]`.
 
 
 Example 1:
 Input: heights = [1,1,4,2,1,3]
 Output: 3
 Explanation: 
 heights: [1,1,4,2,1,3]
 expected: [1,1,1,2,3,4]
 Indices 2, 4, and 5 do not match.
 
 
 Example 2:
 Input: heights = [5,1,2,3,4]
 Output: 5
 Explanation:
 heights: [5,1,2,3,4]
 expected: [1,2,3,4,5]
 All indices do not match.
 
 
 Example 3:
 Input: heights = [1,2,3,4,5]
 Output: 0
 Explanation:
 heights: [1,2,3,4,5]
 expected: [1,2,3,4,5]
 All indices match.
 
 
 Constraints:
 `1 <= heights.length <= 100`
 `1 <= heights[i] <= 100`"
33,Count Substrings with Only One Distinct Letter,"['Math', 'String']",80.20%,1180,https://leetcode.com/problems/count-substrings-with-only-one-distinct-letter/description,"Given a string `S`, return the number of substrings that have only one distinct letter.
 
 
 Example 1:
 Input: S = ""aaaba""
 Output: 8
 Explanation: The substrings with one distinct letter are ""aaa"", ""aa"", ""a"", ""b"".
 
 ""aaa"" occurs 1 time.
 
 ""aa"" occurs 2 times.
 
 ""a"" occurs 4 times.
 
 ""b"" occurs 1 time.
 
 So the answer is 1 + 2 + 4 + 1 = 8.
 
 
 Example 2:
 Input: S = ""aaaaaaaaaa""
 Output: 55
 
 Constraints:
 `1 <= S.length <= 1000`
 `S[i]` consists of only lowercase English letters."
34,Decrypt String from Alphabet to Integer Mapping,['String'],80.00%,1309,https://leetcode.com/problems/decrypt-string-from-alphabet-to-integer-mapping/description,"Given a string `s` formed by digits (`'0'` - `'9'`) and `'#'` . We want to map `s` to English lowercase characters as follows:
 Characters (`'a'` to `'i')` are represented by (`'1'` to `'9'`) respectively.
 
 Characters (`'j'` to `'z')` are represented by (`'10#'` to `'26#'`) respectively. 
 Return the string formed after mapping.
 
 It's guaranteed that a unique mapping will always exist.
 
 
 Example 1:
 Input: s = ""10#11#12""
 Output: ""jkab""
 Explanation: ""j"" -> ""10#"" , ""k"" -> ""11#"" , ""a"" -> ""1"" , ""b"" -> ""2"".
 
 
 Example 2:
 Input: s = ""1326#""
 Output: ""acz""
 
 Example 3:
 Input: s = ""25#""
 Output: ""y""
 
 Example 4:
 Input: s = ""12345678910#11#12#13#14#15#16#17#18#19#20#21#22#23#24#25#26#""
 Output: ""abcdefghijklmnopqrstuvwxyz""
 
 Constraints:
 `1 <= s.length <= 1000`
 `s[i]` only contains digits letters (`'0'`-`'9'`) and `'#'` letter.
 
 `s` will be valid string such that mapping is always possible."
35,Lucky Numbers in a Matrix,"['Array', 'Matrix']",79.90%,1380,https://leetcode.com/problems/lucky-numbers-in-a-matrix/description,"Given a `m * n` matrix of distinct numbers, return all lucky numbers in the matrix in any order.
 
 A lucky number is an element of the matrix such that it is the minimum element in its row and maximum in its column.
 
 
 Example 1:
 Input: matrix = [[3,7,8],[9,11,13],[15,16,17]]
 Output: [15]
 Explanation: 15 is the only lucky number since it is the minimum in its row and the maximum in its column
 
 Example 2:
 Input: matrix = [[1,10,4,2],[9,3,8,7],[15,16,17,12]]
 Output: [12]
 Explanation: 12 is the only lucky number since it is the minimum in its row and the maximum in its column.
 
 
 Example 3:
 Input: matrix = [[7,8],[1,2]]
 Output: [7]
 
 Constraints:
 `m == mat.length`
 `n == mat[i].length`
 `1 <= n, m <= 50`
 `1 <= matrix[i][j] <= 10^5`.
 
 All elements in the matrix are distinct."
36,Sort Array by Increasing Frequency,"['Array', 'Hash Table', 'Sorting']",79.90%,1636,https://leetcode.com/problems/sort-array-by-increasing-frequency/description,"Given an array of integers `nums`, sort the array in increasing order based on the frequency of the values. If multiple values have the same frequency, sort them in decreasing order.
 
 Return the sorted array.
 
 
 Example 1:
 Input: nums = [1,1,2,2,2,3]
 Output: [3,1,1,2,2,2]
 Explanation: '3' has a frequency of 1, '1' has a frequency of 2, and '2' has a frequency of 3.
 
 
 Example 2:
 Input: nums = [2,3,1,3,2]
 Output: [1,3,3,2,2]
 Explanation: '2' and '3' both have a frequency of 2, so they are sorted in decreasing order.
 
 
 Example 3:
 Input: nums = [-1,1,-6,4,5,-6,1,4,1]
 Output: [5,-1,4,4,-6,-6,1,1,1]
 
 Constraints:
 `1 <= nums.length <= 100`
 `-100 <= nums[i] <= 100`"
37,Intersection of Three Sorted Arrays,"['Array', 'Hash Table', 'Binary Search', '1+']",79.80%,1213,https://leetcode.com/problems/intersection-of-three-sorted-arrays/description,"Given three integer arrays `arr1`, `arr2` and `arr3` sorted in strictly increasing order, return a sorted array of only the integers that appeared in all three arrays.
 
 
 Example 1:
 Input: arr1 = [1,2,3,4,5], arr2 = [1,2,5,7,9], arr3 = [1,3,4,5,8]
 Output: [1,5]
 Explanation: Only 1 and 5 appeared in the three arrays.
 
 
 Example 2:
 Input: arr1 = [197,418,523,876,1356], arr2 = [501,880,1593,1710,1870], arr3 = [521,682,1337,1395,1764]
 Output: []
 
 Constraints:
 `1 <= arr1.length, arr2.length, arr3.length <= 1000`
 `1 <= arr1[i], arr2[i], arr3[i] <= 2000`"
38,Array Partition,"['Array', 'Greedy', 'Sorting', '1+']",79.60%,561,https://leetcode.com/problems/array-partition/description,"Given an integer array `nums` of `2n` integers, group these integers into `n` pairs `(a1, b1), (a2, b2), ..., (an, bn)` such that the sum of `min(ai, bi)` for all `i` is maximized. Return the maximized sum.
 
 
 Example 1:
 Input: nums = [1,4,3,2]
 Output: 4
 Explanation: All possible pairings (ignoring the ordering of elements) are:
 1. (1, 4), (2, 3) -> min(1, 4) + min(2, 3) = 1 + 2 = 3
 2. (1, 3), (2, 4) -> min(1, 3) + min(2, 4) = 1 + 2 = 3
 3. (1, 2), (3, 4) -> min(1, 2) + min(3, 4) = 1 + 3 = 4
 So the maximum possible sum is 4.
 
 
 Example 2:
 Input: nums = [6,2,6,5,1,2]
 Output: 9
 Explanation: The optimal pairing is (2, 1), (2, 5), (6, 6). min(2, 1) + min(2, 5) + min(6, 6) = 1 + 2 + 6 = 9.
 
 
 Constraints:
 `1 <= n <= 104`
 `nums.length == 2 * n`
 `-104 <= nums[i] <= 104`"
39,Destination City,"['Array', 'Hash Table', 'String']",79.50%,1436,https://leetcode.com/problems/destination-city/description,"You are given the array `paths`, where `paths[i] = [cityAi, cityBi]` means there exists a direct path going from `cityAi` to `cityBi`. Return the destination city, that is, the city without any path outgoing to another city.
 
 It is guaranteed that the graph of paths forms a line without any loop, therefore, there will be exactly one destination city.
 
 
 Example 1:
 Input: paths = [[""London"",""New York""],[""New York"",""Lima""],[""Lima"",""Sao Paulo""]]
 Output: ""Sao Paulo"" 
 Explanation: Starting at ""London"" city you will reach ""Sao Paulo"" city which is the destination city. Your trip consist of: ""London"" -> ""New York"" -> ""Lima"" -> ""Sao Paulo"".
 
 
 Example 2:
 Input: paths = [[""B"",""C""],[""D"",""B""],[""C"",""A""]]
 Output: ""A""
 Explanation: All possible trips are: 
 ""D"" -> ""B"" -> ""C"" -> ""A"". 
 ""B"" -> ""C"" -> ""A"". 
 ""C"" -> ""A"". 
 ""A"". 
 Clearly the destination city is ""A"".
 
 
 Example 3:
 Input: paths = [[""A"",""Z""]]
 Output: ""Z""
 
 Constraints:
 `1 <= paths.length <= 100`
 `paths[i].length == 2`
 `1 <= cityAi.length, cityBi.length <= 10`
 `cityAi != cityBi`
 All strings consist of lowercase and uppercase English letters and the space character."
40,DI String Match,"['Array', 'Two Pointers', 'String', '1+']",79.40%,942,https://leetcode.com/problems/di-string-match/description,"A permutation `perm` of `n + 1` integers of all the integers in the range `[0, n]` can be represented as a string `s` of length `n` where:
 `s[i] == 'I'` if `perm[i] < perm[i + 1]`, and
 `s[i] == 'D'` if `perm[i] > perm[i + 1]`.
 
 Given a string `s`, reconstruct the permutation perm and return it. If there are multiple valid permutations perm, return any of them.
 
 
 Example 1:
 Input: s = ""IDID""
 Output: [0,4,1,3,2]
 
 Example 2:
 Input: s = ""III""
 Output: [0,1,2,3]
 
 Example 3:
 Input: s = ""DDI""
 Output: [3,2,0,1]
 
 Constraints:
 `1 <= s.length <= 105`
 `s[i]` is either `'I'` or `'D'`."
41,Self Dividing Numbers,['Math'],79.10%,728,https://leetcode.com/problems/self-dividing-numbers/description,"A self-dividing number is a number that is divisible by every digit it contains.
 
 For example, 128 is a self-dividing number because `128 % 1 == 0`, `128 % 2 == 0`, and `128 % 8 == 0`.
 
 Also, a self-dividing number is not allowed to contain the digit zero.
 
 Given a lower and upper number bound, output a list of every possible self dividing number, including the bounds if possible.
 
 
 Example 1:
 Input: 
 left = 1, right = 22
 Output: [1, 2, 3, 4, 5, 6, 7, 8, 9, 11, 12, 15, 22]
 Note:
 The boundaries of each input argument are `1 <= left <= right <= 10000`."
42,Moving Average from Data Stream,"['Array', 'Design', 'Queue', '1+']",79.00%,346,https://leetcode.com/problems/moving-average-from-data-stream/description,"Given a stream of integers and a window size, calculate the moving average of all integers in the sliding window.
 
 Implement the `MovingAverage` class:
 `MovingAverage(int size)` Initializes the object with the size of the window `size`.
 
 `double next(int val)` Returns the moving average of the last `size` values of the stream.
 
 
 Example 1:
 Input
 [""MovingAverage"", ""next"", ""next"", ""next"", ""next""]
 [[3], [1], [10], [3], [5]]
 Output
 [null, 1.0, 5.5, 4.66667, 6.0]
 Explanation
 MovingAverage movingAverage = new MovingAverage(3);
 movingAverage.next(1); // return 1.0 = 1 / 1
 movingAverage.next(10); // return 5.5 = (1 + 10) / 2
 movingAverage.next(3); // return 4.66667 = (1 + 10 + 3) / 3
 movingAverage.next(5); // return 6.0 = (10 + 3 + 5) / 3
 
 Constraints:
 `1 <= size <= 1000`
 `-105 <= val <= 105`
 At most `104` calls will be made to `next`."
43,Cells with Odd Values in a Matrix,"['Array', 'Math', 'Simulation']",78.90%,1252,https://leetcode.com/problems/cells-with-odd-values-in-a-matrix/description,"There is an `m x n` matrix that is initialized to all `0`'s. There is also a 2D array `indices` where each `indices[i] = [ri, ci]` represents a 0-indexed location to perform some increment operations on the matrix.
 
 For each location `indices[i]`, do both of the following:
 Increment all the cells on row `ri`.
 
 Increment all the cells on column `ci`.
 
 Given `m`, `n`, and `indices`, return the number of odd-valued cells in the matrix after applying the increment to all locations in `indices`.
 
 
 Example 1:
 Input: m = 2, n = 3, indices = [[0,1],[1,1]]
 Output: 6
 Explanation: Initial matrix = [[0,0,0],[0,0,0]].
 
 After applying first increment it becomes [[1,2,1],[0,1,0]].
 
 The final matrix is [[1,3,1],[1,3,1]], which contains 6 odd numbers.
 
 
 Example 2:
 Input: m = 2, n = 2, indices = [[1,1],[0,0]]
 Output: 0
 Explanation: Final matrix = [[2,2],[2,2]]. There are no odd numbers in the final matrix.
 
 
 Constraints:
 `1 <= m, n <= 50`
 `1 <= indices.length <= 100`
 `0 <= ri < m`
 `0 <= ci < n`
 Follow up: Could you solve this in `O(n + m + indices.length)` time with only `O(n + m)` extra space?"
44,Number Of Rectangles That Can Form The Largest Square,['Array'],78.90%,1725,https://leetcode.com/problems/number-of-rectangles-that-can-form-the-largest-square/description,"You are given an array `rectangles` where `rectangles[i] = [li, wi]` represents the `ith` rectangle of length `li` and width `wi`.
 
 You can cut the `ith` rectangle to form a square with a side length of `k` if both `k <= li` and `k <= wi`. For example, if you have a rectangle `[4,6]`, you can cut it to get a square with a side length of at most `4`.
 
 Let `maxLen` be the side length of the largest square you can obtain from any of the given rectangles.
 
 Return the number of rectangles that can make a square with a side length of `maxLen`.
 
 
 Example 1:
 Input: rectangles = [[5,8],[3,9],[5,12],[16,5]]
 Output: 3
 Explanation: The largest squares you can get from each rectangle are of lengths [5,3,5,5].
 
 The largest possible square is of length 5, and you can get it out of 3 rectangles.
 
 
 Example 2:
 Input: rectangles = [[2,3],[3,7],[4,3],[3,7]]
 Output: 3
 
 Constraints:
 `1 <= rectangles.length <= 1000`
 `rectangles[i].length == 2`
 `1 <= li, wi <= 109`
 `li != wi`"
45,Determine Color of a Chessboard Square,"['Math', 'String']",78.90%,1812,https://leetcode.com/problems/determine-color-of-a-chessboard-square/description,"You are given `coordinates`, a string that represents the coordinates of a square of the chessboard. Below is a chessboard for your reference.
 
 Return `true` if the square is white, and `false` if the square is black.
 
 The coordinate will always represent a valid chessboard square. The coordinate will always have the letter first, and the number second.
 
 
 Example 1:
 Input: coordinates = ""a1""
 Output: false
 Explanation: From the chessboard above, the square with coordinates ""a1"" is black, so return false.
 
 
 Example 2:
 Input: coordinates = ""h3""
 Output: true
 Explanation: From the chessboard above, the square with coordinates ""h3"" is white, so return true.
 
 
 Example 3:
 Input: coordinates = ""c7""
 Output: false
 
 Constraints:
 `coordinates.length == 2`
 `'a' <= coordinates[0] <= 'h'`
 `'1' <= coordinates[1] <= '8'`"
46,Final Prices With a Special Discount in a Shop,"['Array', 'Stack', 'Monotonic Stack']",78.70%,1475,https://leetcode.com/problems/final-prices-with-a-special-discount-in-a-shop/description,"Given the array `prices` where `prices[i]` is the price of the `ith` item in a shop. There is a special discount for items in the shop, if you buy the `ith` item, then you will receive a discount equivalent to `prices[j]` where `j` is the minimum index such that `j > i` and `prices[j] <= prices[i]`, otherwise, you will not receive any discount at all.
 
 Return an array where the `ith` element is the final price you will pay for the `ith` item of the shop considering the special discount.
 
 
 Example 1:
 Input: prices = [8,4,6,2,3]
 Output: [4,2,4,2,3]
 Explanation: 
 For item 0 with price[0]=8 you will receive a discount equivalent to prices[1]=4, therefore, the final price you will pay is 8 - 4 = 4. 
 For item 1 with price[1]=4 you will receive a discount equivalent to prices[3]=2, therefore, the final price you will pay is 4 - 2 = 2. 
 For item 2 with price[2]=6 you will receive a discount equivalent to prices[3]=2, therefore, the final price you will pay is 6 - 2 = 4. 
 For items 3 and 4 you will not receive any discount at all.
 
 
 Example 2:
 Input: prices = [1,2,3,4,5]
 Output: [1,2,3,4,5]
 Explanation: In this case, for all items, you will not receive any discount at all.
 
 
 Example 3:
 Input: prices = [10,1,1,6]
 Output: [9,0,1,6]
 
 Constraints:
 `1 <= prices.length <= 500`
 `1 <= prices[i] <= 10^3`"
47,Determine if String Halves Are Alike,"['String', 'Counting']",78.70%,1704,https://leetcode.com/problems/determine-if-string-halves-are-alike/description,"You are given a string `s` of even length. Split this string into two halves of equal lengths, and let `a` be the first half and `b` be the second half.
 
 Two strings are alike if they have the same number of vowels (`'a'`, `'e'`, `'i'`, `'o'`, `'u'`, `'A'`, `'E'`, `'I'`, `'O'`, `'U'`). Notice that `s` contains uppercase and lowercase letters.
 
 Return `true` if `a` and `b` are alike. Otherwise, return `false`.
 
 
 Example 1:
 Input: s = ""book""
 Output: true
 Explanation: a = ""bo"" and b = ""ok"". a has 1 vowel and b has 1 vowel. Therefore, they are alike.
 
 
 Example 2:
 Input: s = ""textbook""
 Output: false
 Explanation: a = ""text"" and b = ""book"". a has 1 vowel whereas b has 2. Therefore, they are not alike.
 
 Notice that the vowel o is counted twice.
 
 
 Example 3:
 Input: s = ""MerryChristmas""
 Output: false
 
 Example 4:
 Input: s = ""AbCdEfGh""
 Output: true
 
 Constraints:
 `2 <= s.length <= 1000`
 `s.length` is even.
 
 `s` consists of uppercase and lowercase letters."
48,Number of Students Unable to Eat Lunch,"['Array', 'Stack', 'Queue', '1+']",78.40%,1700,https://leetcode.com/problems/number-of-students-unable-to-eat-lunch/description,"The school cafeteria offers circular and square sandwiches at lunch break, referred to by numbers `0` and `1` respectively. All students stand in a queue. Each student either prefers square or circular sandwiches.
 
 The number of sandwiches in the cafeteria is equal to the number of students. The sandwiches are placed in a stack. At each step:
 If the student at the front of the queue prefers the sandwich on the top of the stack, they will take it and leave the queue.
 
 Otherwise, they will leave it and go to the queue's end.
 
 This continues until none of the queue students want to take the top sandwich and are thus unable to eat.
 
 You are given two integer arrays `students` and `sandwiches` where `sandwiches[i]` is the type of the `i​​​​​​th` sandwich in the stack (`i = 0` is the top of the stack) and `students[j]` is the preference of the `j​​​​​​th` student in the initial queue (`j = 0` is the front of the queue). Return the number of students that are unable to eat.
 
 
 Example 1:
 Input: students = [1,1,0,0], sandwiches = [0,1,0,1]
 Output: 0 
 Explanation:
 - Front student leaves the top sandwich and returns to the end of the line making students = [1,0,0,1].
 
 - Front student leaves the top sandwich and returns to the end of the line making students = [0,0,1,1].
 
 - Front student takes the top sandwich and leaves the line making students = [0,1,1] and sandwiches = [1,0,1].
 
 - Front student leaves the top sandwich and returns to the end of the line making students = [1,1,0].
 
 - Front student takes the top sandwich and leaves the line making students = [1,0] and sandwiches = [0,1].
 
 - Front student leaves the top sandwich and returns to the end of the line making students = [0,1].
 
 - Front student takes the top sandwich and leaves the line making students = [1] and sandwiches = [1].
 
 - Front student takes the top sandwich and leaves the line making students = [] and sandwiches = [].
 
 Hence all students are able to eat.
 
 
 Example 2:
 Input: students = [1,1,1,0,0,1], sandwiches = [1,0,0,0,1,1]
 Output: 3
 
 Constraints:
 `1 <= students.length, sandwiches.length <= 100`
 `students.length == sandwiches.length`
 `sandwiches[i]` is `0` or `1`.
 
 `students[i]` is `0` or `1`."
49,Calculate Money in Leetcode Bank,['Math'],78.40%,1716,https://leetcode.com/problems/calculate-money-in-leetcode-bank/description,"Hercy wants to save money for his first car. He puts money in the Leetcode bank every day.
 
 He starts by putting in `$1` on Monday, the first day. Every day from Tuesday to Sunday, he will put in `$1` more than the day before. On every subsequent Monday, he will put in `$1` more than the previous Monday. 
 Given `n`, return the total amount of money he will have in the Leetcode bank at the end of the `nth` day.
 
 
 Example 1:
 Input: n = 4
 Output: 10
 Explanation: After the 4th day, the total is 1 + 2 + 3 + 4 = 10.
 
 
 Example 2:
 Input: n = 10
 Output: 37
 Explanation: After the 10th day, the total is (1 + 2 + 3 + 4 + 5 + 6 + 7) + (2 + 3 + 4) = 37. Notice that on the 2nd Monday, Hercy only puts in $2.
 
 
 Example 3:
 Input: n = 20
 Output: 96
 Explanation: After the 20th day, the total is (1 + 2 + 3 + 4 + 5 + 6 + 7) + (2 + 3 + 4 + 5 + 6 + 7 + 8) + (3 + 4 + 5 + 6 + 7 + 8) = 96.
 
 
 Constraints:
 `1 <= n <= 1000`"
50,Sum of Unique Elements,"['Array', 'Hash Table', 'Counting']",78.40%,1748,https://leetcode.com/problems/sum-of-unique-elements/description,"You are given an integer array `nums`. The unique elements of an array are the elements that appear exactly once in the array.
 
 Return the sum of all the unique elements of `nums`.
 
 
 Example 1:
 Input: nums = [1,2,3,2]
 Output: 4
 Explanation: The unique elements are [1,3], and the sum is 4.
 
 
 Example 2:
 Input: nums = [1,1,1,1,1]
 Output: 0
 Explanation: There are no unique elements, and the sum is 0.
 
 
 Example 3:
 Input: nums = [1,2,3,4,5]
 Output: 15
 Explanation: The unique elements are [1,2,3,4,5], and the sum is 15.
 
 
 Constraints:
 `1 <= nums.length <= 100`
 `1 <= nums[i] <= 100`"
51,Generate a String With Characters That Have Odd Counts,['String'],78.10%,1374,https://leetcode.com/problems/generate-a-string-with-characters-that-have-odd-counts/description,"Given an integer `n`, return a string with `n` characters such that each character in such string occurs an odd number of times.
 
 The returned string must contain only lowercase English letters. If there are multiples valid strings, return any of them. 
 
 Example 1:
 Input: n = 4
 Output: ""pppz""
 Explanation: ""pppz"" is a valid string since the character 'p' occurs three times and the character 'z' occurs once. Note that there are many other valid strings such as ""ohhh"" and ""love"".
 
 
 Example 2:
 Input: n = 2
 Output: ""xy""
 Explanation: ""xy"" is a valid string since the characters 'x' and 'y' occur once. Note that there are many other valid strings such as ""ag"" and ""ur"".
 
 
 Example 3:
 Input: n = 7
 Output: ""holasss""
 
 Constraints:
 `1 <= n <= 500`"
52,Armstrong Number,['Math'],77.80%,1134,https://leetcode.com/problems/armstrong-number/description,"Given an integer `n`, return `true` if and only if it is an Armstrong number.
 
 The `k`-digit number `n` is an Armstrong number if and only if the `kth` power of each digit sums to `n`.
 
 
 Example 1:
 Input: n = 153
 Output: true
 Explanation: 153 is a 3-digit number, and 153 = 13 + 53 + 33.
 
 
 Example 2:
 Input: n = 123
 Output: false
 Explanation: 123 is a 3-digit number, and 123 != 13 + 23 + 33 = 36.
 
 
 Constraints:
 `1 <= n <= 108`"
53,Unique Number of Occurrences,"['Array', 'Hash Table']",77.70%,1207,https://leetcode.com/problems/unique-number-of-occurrences/description,"Given an array of integers `arr`, write a function that returns `true` if and only if the number of occurrences of each value in the array is unique.
 
 
 Example 1:
 Input: arr = [1,2,2,1,1,3]
 Output: true
 Explanation: The value 1 has 3 occurrences, 2 has 2 and 3 has 1. No two values have the same number of occurrences.
 
 
 Example 2:
 Input: arr = [1,2]
 Output: false
 
 Example 3:
 Input: arr = [-3,0,1,-3,1,1,1,-3,10,0]
 Output: true
 
 Constraints:
 `1 <= arr.length <= 1000`
 `-1000 <= arr[i] <= 1000`"
54,Baseball Game,"['Array', 'Stack', 'Simulation']",77.50%,682,https://leetcode.com/problems/baseball-game/description,"You are keeping score for a baseball game with strange rules. The game consists of several rounds, where the scores of past rounds may affect future rounds' scores.
 
 At the beginning of the game, you start with an empty record. You are given a list of strings `ops`, where `ops[i]` is the `ith` operation you must apply to the record and is one of the following:
 An integer `x` - Record a new score of `x`.
 
 `""+""` - Record a new score that is the sum of the previous two scores. It is guaranteed there will always be two previous scores.
 
 `""D""` - Record a new score that is double the previous score. It is guaranteed there will always be a previous score.
 
 `""C""` - Invalidate the previous score, removing it from the record. It is guaranteed there will always be a previous score.
 
 Return the sum of all the scores on the record.
 
 
 Example 1:
 Input: ops = [""5"",""2"",""C"",""D"",""+""]
 Output: 30
 Explanation:
 ""5"" - Add 5 to the record, record is now [5].
 
 ""2"" - Add 2 to the record, record is now [5, 2].
 
 ""C"" - Invalidate and remove the previous score, record is now [5].
 
 ""D"" - Add 2 * 5 = 10 to the record, record is now [5, 10].
 
 ""+"" - Add 5 + 10 = 15 to the record, record is now [5, 10, 15].
 
 The total sum is 5 + 10 + 15 = 30.
 
 
 Example 2:
 Input: ops = [""5"",""-2"",""4"",""C"",""D"",""9"",""+"",""+""]
 Output: 27
 Explanation:
 ""5"" - Add 5 to the record, record is now [5].
 
 ""-2"" - Add -2 to the record, record is now [5, -2].
 
 ""4"" - Add 4 to the record, record is now [5, -2, 4].
 
 ""C"" - Invalidate and remove the previous score, record is now [5, -2].
 
 ""D"" - Add 2 * -2 = -4 to the record, record is now [5, -2, -4].
 
 ""9"" - Add 9 to the record, record is now [5, -2, -4, 9].
 
 ""+"" - Add -4 + 9 = 5 to the record, record is now [5, -2, -4, 9, 5].
 
 ""+"" - Add 9 + 5 = 14 to the record, record is now [5, -2, -4, 9, 5, 14].
 
 The total sum is 5 + -2 + -4 + 9 + 5 + 14 = 27.
 
 
 Example 3:
 Input: ops = [""1""]
 Output: 1
 
 Constraints:
 `1 <= ops.length <= 1000`
 `ops[i]` is `""C""`, `""D""`, `""+""`, or a string representing an integer in the range `[-3 * 104, 3 * 104]`.
 
 For operation `""+""`, there will always be at least two previous scores on the record.
 
 For operations `""C""` and `""D""`, there will always be at least one previous score on the record."
55,Find Numbers with Even Number of Digits,"['Array', 'Math']",77.50%,1295,https://leetcode.com/problems/find-numbers-with-even-number-of-digits/description,"Given an array `nums` of integers, return how many of them contain an even number of digits.
 
 
 Example 1:
 Input: nums = [12,345,2,6,7896]
 Output: 2
 Explanation: 
 12 contains 2 digits (even number of digits). 
 345 contains 3 digits (odd number of digits). 
 2 contains 1 digit (odd number of digits). 
 6 contains 1 digit (odd number of digits). 
 7896 contains 4 digits (even number of digits). 
 Therefore only 12 and 7896 contain an even number of digits.
 
 
 Example 2:
 Input: nums = [555,901,482,1771]
 Output: 1 
 Explanation: 
 Only 1771 contains an even number of digits.
 
 
 Constraints:
 `1 <= nums.length <= 500`
 `1 <= nums[i] <= 10^5`"
56,N-Repeated Element in Size 2N Array,"['Array', 'Hash Table']",77.10%,961,https://leetcode.com/problems/n-repeated-element-in-size-2n-array/description,"In a array `A` of size `2N`, there are `N+1` unique elements, and exactly one of these elements is repeated `N` times.
 
 Return the element repeated `N` times.
 
 
 Example 1:
 Input: [1,2,3,3]
 Output: 3
 
 Example 2:
 Input: [2,1,2,5,3,2]
 Output: 2
 
 Example 3:
 Input: [5,1,5,2,5,3,5,4]
 Output: 5
 Note:
 `4 <= A.length <= 10000`
 `0 <= A[i] < 10000`
 `A.length` is even"
57,Sum of Digits in the Minimum Number,"['Array', 'Math']",76.60%,1085,https://leetcode.com/problems/sum-of-digits-in-the-minimum-number/description,"Given an array `A` of positive integers, let `S` be the sum of the digits of the minimal element of `A`.
 
 Return 0 if `S` is odd, otherwise return 1.
 
 
 Example 1:
 Input: [34,23,1,24,75,33,54,8]
 Output: 0
 Explanation: 
 The minimal element is 1, and the sum of those digits is S = 1 which is odd, so the answer is 0.
 
 
 Example 2:
 Input: [99,77,33,66,55]
 Output: 1
 Explanation: 
 The minimal element is 33, and the sum of those digits is S = 3 + 3 = 6 which is even, so the answer is 1.
 
 
 Constraints:
 `1 <= A.length <= 100`
 `1 <= A[i] <= 100`"
58,Sort Array By Parity,"['Array', 'Two Pointers', 'Sorting']",76.30%,905,https://leetcode.com/problems/sort-array-by-parity/description,"Given an array `A` of non-negative integers, return an array consisting of all the even elements of `A`, followed by all the odd elements of `A`.
 
 You may return any answer array that satisfies this condition.
 
 
 Example 1:
 Input: [3,1,2,4]
 Output: [2,4,3,1]
 The outputs [4,2,3,1], [2,4,1,3], and [4,2,1,3] would also be accepted.
 
 Note:
 `1 <= A.length <= 5000`
 `0 <= A[i] <= 5000`"
59,Find N Unique Integers Sum up to Zero,"['Array', 'Math']",76.20%,1304,https://leetcode.com/problems/find-n-unique-integers-sum-up-to-zero/description,"Given an integer `n`, return any array containing `n` unique integers such that they add up to `0`.
 
 
 Example 1:
 Input: n = 5
 Output: [-7,-1,1,3,4]
 Explanation: These arrays also are accepted [-5,-1,1,2,3] , [-3,-1,2,-2,4].
 
 
 Example 2:
 Input: n = 3
 Output: [-1,0,1]
 
 Example 3:
 Input: n = 1
 Output: [0]
 
 Constraints:
 `1 <= n <= 1000`"
60,Make Two Arrays Equal by Reversing Subarrays,"['Array', 'Hash Table', 'Sorting']",76.00%,1460,https://leetcode.com/problems/make-two-arrays-equal-by-reversing-subarrays/description,"Given two integer arrays of equal length `target` and `arr`.
 
 In one step, you can select any non-empty sub-array of `arr` and reverse it. You are allowed to make any number of steps.
 
 Return True if you can make `arr` equal to `target`, or False otherwise.
 
 
 Example 1:
 Input: target = [1,2,3,4], arr = [2,4,1,3]
 Output: true
 Explanation: You can follow the next steps to convert arr to target:
 1- Reverse sub-array [2,4,1], arr becomes [1,4,2,3]
 2- Reverse sub-array [4,2], arr becomes [1,2,4,3]
 3- Reverse sub-array [4,3], arr becomes [1,2,3,4]
 There are multiple ways to convert arr to target, this is not the only way to do so.
 
 
 Example 2:
 Input: target = [7], arr = [7]
 Output: true
 Explanation: arr is equal to target without any reverses.
 
 
 Example 3:
 Input: target = [1,12], arr = [12,1]
 Output: true
 
 Example 4:
 Input: target = [3,7,9], arr = [3,7,11]
 Output: false
 Explanation: arr doesn't have value 9 and it can never be converted to target.
 
 
 Example 5:
 Input: target = [1,1,1,1,1], arr = [1,1,1,1,1]
 Output: true
 
 Constraints:
 `target.length == arr.length`
 `1 <= target.length <= 1000`
 `1 <= target[i] <= 1000`
 `1 <= arr[i] <= 1000`"
61,Robot Return to Origin,"['String', 'Simulation']",75.90%,657,https://leetcode.com/problems/robot-return-to-origin/description,"There is a robot starting at position (0, 0), the origin, on a 2D plane. Given a sequence of its moves, judge if this robot ends up at (0, 0) after it completes its moves.
 
 The move sequence is represented by a string, and the character moves[i] represents its ith move. Valid moves are R (right), L (left), U (up), and D (down). If the robot returns to the origin after it finishes all of its moves, return true. Otherwise, return false.
 
 Note: The way that the robot is ""facing"" is irrelevant. ""R"" will always make the robot move to the right once, ""L"" will always make it move left, etc. Also, assume that the magnitude of the robot's movement is the same for each move.
 
 
 Example 1:
 Input: moves = ""UD""
 Output: true
 Explanation: The robot moves up once, and then down once. All moves have the same magnitude, so it ended up at the origin where it started. Therefore, we return true.
 
 
 Example 2:
 Input: moves = ""LL""
 Output: false
 Explanation: The robot moves left twice. It ends up two ""moves"" to the left of the origin. We return false because it is not at the origin at the end of its moves.
 
 
 Example 3:
 Input: moves = ""RRDD""
 Output: false
 
 Example 4:
 Input: moves = ""LDRRLRUULR""
 Output: false
 
 Constraints:
 `1 <= moves.length <= 2 * 104`
 `moves` only contains the characters `'U'`, `'D'`, `'L'` and `'R'`."
62,Number of Students Doing Homework at a Given Time,['Array'],75.80%,1450,https://leetcode.com/problems/number-of-students-doing-homework-at-a-given-time/description,"Given two integer arrays `startTime` and `endTime` and given an integer `queryTime`.
 
 The `ith` student started doing their homework at the time `startTime[i]` and finished it at time `endTime[i]`.
 
 Return the number of students doing their homework at time `queryTime`. More formally, return the number of students where `queryTime` lays in the interval `[startTime[i], endTime[i]]` inclusive.
 
 
 Example 1:
 Input: startTime = [1,2,3], endTime = [3,2,7], queryTime = 4
 Output: 1
 Explanation: We have 3 students where:
 The first student started doing homework at time 1 and finished at time 3 and wasn't doing anything at time 4.
 
 The second student started doing homework at time 2 and finished at time 2 and also wasn't doing anything at time 4.
 
 The third student started doing homework at time 3 and finished at time 7 and was the only student doing homework at time 4.
 
 
 Example 2:
 Input: startTime = [4], endTime = [4], queryTime = 4
 Output: 1
 Explanation: The only student was doing their homework at the queryTime.
 
 
 Example 3:
 Input: startTime = [4], endTime = [4], queryTime = 5
 Output: 0
 
 Example 4:
 Input: startTime = [1,1,1,1], endTime = [1,3,2,4], queryTime = 7
 Output: 0
 
 Example 5:
 Input: startTime = [9,8,7,6,5,4,3,2,1], endTime = [10,10,10,10,10,10,10,10,10], queryTime = 5
 Output: 5
 
 Constraints:
 `startTime.length == endTime.length`
 `1 <= startTime.length <= 100`
 `1 <= startTime[i] <= endTime[i] <= 1000`
 `1 <= queryTime <= 1000`"
63,Pascal's Triangle,"['Array', 'Dynamic Programming']",75.70%,118,https://leetcode.com/problems/pascal's-triangle/description,"Given an integer `numRows`, return the first numRows of Pascal's triangle.
 
 In Pascal's triangle, each number is the sum of the two numbers directly above it as shown:
 
 Example 1:
 Input: numRows = 5
 Output: [[1],[1,1],[1,2,1],[1,3,3,1],[1,4,6,4,1]]
 
 Example 2:
 Input: numRows = 1
 Output: [[1]]
 
 Constraints:
 `1 <= numRows <= 30`"
64,Intersection of Two Arrays,"['Array', 'Hash Table', 'Two Pointers', '2+']",75.50%,349,https://leetcode.com/problems/intersection-of-two-arrays/description,"Given two integer arrays `nums1` and `nums2`, return an array of their intersection. Each element in the result must be unique and you may return the result in any order.
 
 
 Example 1:
 Input: nums1 = [1,2,2,1], nums2 = [2,2]
 Output: [2]
 
 Example 2:
 Input: nums1 = [4,9,5], nums2 = [9,4,9,8,4]
 Output: [9,4]
 Explanation: [4,9] is also accepted.
 
 
 Constraints:
 `1 <= nums1.length, nums2.length <= 1000`
 `0 <= nums1[i], nums2[i] <= 1000`"
65,Relative Sort Array,"['Array', 'Hash Table', 'Sorting', '1+']",74.80%,1122,https://leetcode.com/problems/relative-sort-array/description,"Given two arrays `arr1` and `arr2`, the elements of `arr2` are distinct, and all elements in `arr2` are also in `arr1`.
 
 Sort the elements of `arr1` such that the relative ordering of items in `arr1` are the same as in `arr2`. Elements that don't appear in `arr2` should be placed at the end of `arr1` in ascending order.
 
 
 Example 1:
 Input: arr1 = [2,3,1,3,2,4,6,7,9,2,19], arr2 = [2,1,4,3,9,6]
 Output: [2,2,2,1,4,3,3,9,6,7,19]
 
 Constraints:
 `1 <= arr1.length, arr2.length <= 1000`
 `0 <= arr1[i], arr2[i] <= 1000`
 All the elements of `arr2` are distinct.
 
 Each `arr2[i]` is in `arr1`."
66,Delete Columns to Make Sorted,"['Array', 'String']",74.70%,944,https://leetcode.com/problems/delete-columns-to-make-sorted/description,"You are given an array of `n` strings `strs`, all of the same length.
 
 The strings can be arranged such that there is one on each line, making a grid. For example, `strs = [""abc"", ""bce"", ""cae""]` can be arranged as:
 abc
 bce
 cae
 You want to delete the columns that are not sorted lexicographically. In the above example (0-indexed), columns 0 (`'a'`, `'b'`, `'c'`) and 2 (`'c'`, `'e'`, `'e'`) are sorted while column 1 (`'b'`, `'c'`, `'a'`) is not, so you would delete column 1.
 
 Return the number of columns that you will delete.
 
 
 Example 1:
 Input: strs = [""cba"",""daf"",""ghi""]
 Output: 1
 Explanation: The grid looks as follows:
  cba
  daf
  ghi
 Columns 0 and 2 are sorted, but column 1 is not, so you only need to delete 1 column.
 
 
 Example 2:
 Input: strs = [""a"",""b""]
 Output: 0
 Explanation: The grid looks as follows:
  a
  b
 Column 0 is the only column and is sorted, so you will not delete any columns.
 
 
 Example 3:
 Input: strs = [""zyx"",""wvu"",""tsr""]
 Output: 3
 Explanation: The grid looks as follows:
  zyx
  wvu
  tsr
 All 3 columns are not sorted, so you will delete all 3.
 
 
 Constraints:
 `n == strs.length`
 `1 <= n <= 100`
 `1 <= strs[i].length <= 1000`
 `strs[i]` consists of lowercase English letters."
67,Find Common Characters,"['Array', 'Hash Table', 'String']",74.60%,1002,https://leetcode.com/problems/find-common-characters/description,"Given an array `A` of strings made only from lowercase letters, return a list of all characters that show up in all strings within the list (including duplicates). For example, if a character occurs 3 times in all strings but not 4 times, you need to include that character three times in the final answer.
 
 You may return the answer in any order.
 
 
 Example 1:
 Input: [""bella"",""label"",""roller""]
 Output: [""e"",""l"",""l""]
 
 Example 2:
 Input: [""cool"",""lock"",""cook""]
 Output: [""c"",""o""]
 Note:
 `1 <= A.length <= 100`
 `1 <= A[i].length <= 100`
 `A[i][j]` is a lowercase letter"
68,High Five,"['Array', 'Hash Table', 'Sorting', '1+']",74.50%,1086,https://leetcode.com/problems/high-five/description,"Given a list of the scores of different students, `items`, where `items[i] = [IDi, scorei]` represents one score from a student with `IDi`, calculate each student's top five average.
 
 Return the answer as an array of pairs `result`, where `result[j] = [IDj, topFiveAveragej]` represents the student with `IDj` and their top five average. Sort `result` by `IDj` in increasing order.
 
 A student's top five average is calculated by taking the sum of their top five scores and dividing it by `5` using integer division.
 
 
 Example 1:
 Input: items = [[1,91],[1,92],[2,93],[2,97],[1,60],[2,77],[1,65],[1,87],[1,100],[2,100],[2,76]]
 Output: [[1,87],[2,88]]
 Explanation: 
 The student with ID = 1 got scores 91, 92, 60, 65, 87, and 100. Their top five average is (100 + 92 + 91 + 87 + 65) / 5 = 87.
 
 The student with ID = 2 got scores 93, 97, 77, 100, and 76. Their top five average is (100 + 97 + 93 + 77 + 76) / 5 = 88.6, but with integer division their average converts to 88.
 
 
 Example 2:
 Input: items = [[1,100],[7,100],[1,100],[7,100],[1,100],[7,100],[1,100],[7,100],[1,100],[7,100]]
 Output: [[1,100],[7,100]]
 
 Constraints:
 `1 <= items.length <= 1000`
 `items[i].length == 2`
 `1 <= IDi <= 1000`
 `0 <= scorei <= 100`
 For each `IDi`, there will be at least five scores."
69,Maximum Units on a Truck,"['Array', 'Greedy', 'Sorting']",73.90%,1710,https://leetcode.com/problems/maximum-units-on-a-truck/description,"You are assigned to put some amount of boxes onto one truck. You are given a 2D array `boxTypes`, where `boxTypes[i] = [numberOfBoxesi, numberOfUnitsPerBoxi]`:
 `numberOfBoxesi` is the number of boxes of type `i`.
 
 `numberOfUnitsPerBoxi` is the number of units in each box of the type `i`.
 
 You are also given an integer `truckSize`, which is the maximum number of boxes that can be put on the truck. You can choose any boxes to put on the truck as long as the number of boxes does not exceed `truckSize`.
 
 Return the maximum total number of units that can be put on the truck.
 
 
 Example 1:
 Input: boxTypes = [[1,3],[2,2],[3,1]], truckSize = 4
 Output: 8
 Explanation: There are:
 - 1 box of the first type that contains 3 units.
 
 - 2 boxes of the second type that contain 2 units each.
 
 - 3 boxes of the third type that contain 1 unit each.
 
 You can take all the boxes of the first and second types, and one box of the third type.
 
 The total number of units will be = (1 * 3) + (2 * 2) + (1 * 1) = 8.
 
 
 Example 2:
 Input: boxTypes = [[5,10],[2,5],[4,7],[3,9]], truckSize = 10
 Output: 91
 
 Constraints:
 `1 <= boxTypes.length <= 1000`
 `1 <= numberOfBoxesi, numberOfUnitsPerBoxi <= 1000`
 `1 <= truckSize <= 106`"
70,Projection Area of 3D Shapes,"['Array', 'Math', 'Geometry', '1+']",73.40%,883,https://leetcode.com/problems/projection-area-of-3d-shapes/description,"You are given an `n x n` `grid` where we place some `1 x 1 x 1` cubes that are axis-aligned with the `x`, `y`, and `z` axes.
 
 Each value `v = grid[i][j]` represents a tower of `v` cubes placed on top of the cell `(i, j)`.
 
 We view the projection of these cubes onto the `xy`, `yz`, and `zx` planes.
 
 A projection is like a shadow, that maps our 3-dimensional figure to a 2-dimensional plane. We are viewing the ""shadow"" when looking at the cubes from the top, the front, and the side.
 
 Return the total area of all three projections.
 
 
 Example 1:
 Input: grid = [[1,2],[3,4]]
 Output: 17
 Explanation: Here are the three projections (""shadows"") of the shape made with each axis-aligned plane.
 
 
 Example 2:
 Input: grid = [[2]]
 Output: 5
 
 Example 3:
 Input: grid = [[1,0],[0,2]]
 Output: 8
 
 Example 4:
 Input: grid = [[1,1,1],[1,0,1],[1,1,1]]
 Output: 14
 
 Example 5:
 Input: grid = [[2,2,2],[2,1,2],[2,2,2]]
 Output: 21
 
 Constraints:
 `n == grid.length`
 `n == grid[i].length`
 `1 <= n <= 50`
 `0 <= grid[i][j] <= 50`"
71,Next Greater Element I,"['Array', 'Hash Table', 'Stack', '1+']",73.30%,496,https://leetcode.com/problems/next-greater-element-i/description,"You are given two integer arrays `nums1` and `nums2` both of unique elements, where `nums1` is a subset of `nums2`.
 
 Find all the next greater numbers for `nums1`'s elements in the corresponding places of `nums2`.
 
 The Next Greater Number of a number `x` in `nums1` is the first greater number to its right in `nums2`. If it does not exist, return `-1` for this number.
 
 
 Example 1:
 Input: nums1 = [4,1,2], nums2 = [1,3,4,2]
 Output: [-1,3,-1]
 Explanation:
 For number 4 in the first array, you cannot find the next greater number for it in the second array, so output -1.
 
 For number 1 in the first array, the next greater number for it in the second array is 3.
 
 For number 2 in the first array, there is no next greater number for it in the second array, so output -1.
 
 
 Example 2:
 Input: nums1 = [2,4], nums2 = [1,2,3,4]
 Output: [3,-1]
 Explanation:
 For number 2 in the first array, the next greater number for it in the second array is 3.
 
 For number 4 in the first array, there is no next greater number for it in the second array, so output -1.
 
 
 Constraints:
 `1 <= nums1.length <= nums2.length <= 1000`
 `0 <= nums1[i], nums2[i] <= 104`
 All integers in `nums1` and `nums2` are unique.
 
 All the integers of `nums1` also appear in `nums2`.
 
 Follow up: Could you find an `O(nums1.length + nums2.length)` solution?"
72,Fizz Buzz,"['Math', 'String', 'Simulation']",73.20%,412,https://leetcode.com/problems/fizz-buzz/description,"Write a program that outputs the string representation of numbers from 1 to n.
 
 But for multiples of three it should output “Fizz” instead of the number and for the multiples of five output “Buzz”. For numbers which are multiples of both three and five output “FizzBuzz”.
 
 
 Example:
 n = 15,
 Return:
 [
  ""1"",
  ""2"",
  ""Fizz"",
  ""4"",
  ""Buzz"",
  ""Fizz"",
  ""7"",
  ""8"",
  ""Fizz"",
  ""Buzz"",
  ""11"",
  ""Fizz"",
  ""13"",
  ""14"",
  ""FizzBuzz""
 ]"
73,Island Perimeter,"['Array', 'Depth-First Search', '2+']",73.20%,463,https://leetcode.com/problems/island-perimeter/description,"You are given `row x col` `grid` representing a map where `grid[i][j] = 1` represents land and `grid[i][j] = 0` represents water.
 
 Grid cells are connected horizontally/vertically (not diagonally). The `grid` is completely surrounded by water, and there is exactly one island (i.e., one or more connected land cells).
 
 The island doesn't have ""lakes"", meaning the water inside isn't connected to the water around the island. One cell is a square with side length 1. The grid is rectangular, width and height don't exceed 100. Determine the perimeter of the island.
 
 
 Example 1:
 Input: grid = [[0,1,0,0],[1,1,1,0],[0,1,0,0],[1,1,0,0]]
 Output: 16
 Explanation: The perimeter is the 16 yellow stripes in the image above.
 
 
 Example 2:
 Input: grid = [[1]]
 Output: 4
 
 Example 3:
 Input: grid = [[1,0]]
 Output: 4
 
 Constraints:
 `row == grid.length`
 `col == grid[i].length`
 `1 <= row, col <= 100`
 `grid[i][j]` is `0` or `1`."
74,Squares of a Sorted Array,"['Array', 'Two Pointers', 'Sorting']",73.00%,977,https://leetcode.com/problems/squares-of-a-sorted-array/description,"Given an integer array `nums` sorted in non-decreasing order, return an array of the squares of each number sorted in non-decreasing order.
 
 
 Example 1:
 Input: nums = [-4,-1,0,3,10]
 Output: [0,1,9,16,100]
 Explanation: After squaring, the array becomes [16,1,0,9,100].
 
 After sorting, it becomes [0,1,9,16,100].
 
 
 Example 2:
 Input: nums = [-7,-3,2,3,11]
 Output: [4,9,9,49,121]
 
 Constraints:
 `1 <= nums.length <= 104`
 `-104 <= nums[i] <= 104`
 `nums` is sorted in non-decreasing order.
 
 Follow up: Squaring each element and sorting the new array is very trivial, could you find an `O(n)` solution using a different approach?"
75,Convert Sorted Array to Binary Search Tree,"['Array', 'Divide and Conquer', 'Tree', '2+']",72.90%,108,https://leetcode.com/problems/convert-sorted-array-to-binary-search-tree/description,"Given an integer array `nums` where the elements are sorted in ascending order, convert it to a height-balanced binary search tree.
 
 A height-balanced binary tree is a binary tree in which the depth of the two subtrees of every node never differs by more than one.
 
 
 Example 1:
 Input: nums = [-10,-3,0,5,9]
 Output: [0,-3,9,-10,null,5]
 Explanation: [0,-10,5,null,-3,null,9] is also accepted:
 
 Example 2:
 Input: nums = [1,3]
 Output: [3,1]
 Explanation: [1,3] and [3,1] are both a height-balanced BSTs.
 
 
 Constraints:
 `1 <= nums.length <= 104`
 `-104 <= nums[i] <= 104`
 `nums` is sorted in a strictly increasing order."
76,Transpose Matrix,"['Array', 'Matrix', 'Simulation']",72.80%,867,https://leetcode.com/problems/transpose-matrix/description,"Given a 2D integer array `matrix`, return the transpose of `matrix`.
 
 The transpose of a matrix is the matrix flipped over its main diagonal, switching the matrix's row and column indices.
 
 
 Example 1:
 Input: matrix = [[1,2,3],[4,5,6],[7,8,9]]
 Output: [[1,4,7],[2,5,8],[3,6,9]]
 
 Example 2:
 Input: matrix = [[1,2,3],[4,5,6]]
 Output: [[1,4],[2,5],[3,6]]
 
 Constraints:
 `m == matrix.length`
 `n == matrix[i].length`
 `1 <= m, n <= 1000`
 `1 <= m * n <= 105`
 `-109 <= matrix[i][j] <= 109`"
77,Minimum Subsequence in Non-Increasing Order,"['Array', 'Greedy', 'Sorting']",72.80%,1403,https://leetcode.com/problems/minimum-subsequence-in-non-increasing-order/description,"Given the array `nums`, obtain a subsequence of the array whose sum of elements is strictly greater than the sum of the non included elements in such subsequence. 
 If there are multiple solutions, return the subsequence with minimum size and if there still exist multiple solutions, return the subsequence with the maximum total sum of all its elements. A subsequence of an array can be obtained by erasing some (possibly zero) elements from the array. 
 Note that the solution with the given constraints is guaranteed to be unique. Also return the answer sorted in non-increasing order.
 
 
 Example 1:
 Input: nums = [4,3,10,9,8]
 Output: [10,9] 
 Explanation: The subsequences [10,9] and [10,8] are minimal such that the sum of their elements is strictly greater than the sum of elements not included, however, the subsequence [10,9] has the maximum total sum of its elements. 
 
 Example 2:
 Input: nums = [4,4,7,6,7]
 Output: [7,7,6] 
 Explanation: The subsequence [7,7] has the sum of its elements equal to 14 which is not strictly greater than the sum of elements not included (14 = 4 + 4 + 6). Therefore, the subsequence [7,6,7] is the minimal satisfying the conditions. Note the subsequence has to returned in non-decreasing order. 
 
 Example 3:
 Input: nums = [6]
 Output: [6]
 
 Constraints:
 `1 <= nums.length <= 500`
 `1 <= nums[i] <= 100`"
78,Shortest Distance to a Character,"['Array', 'Two Pointers', 'String']",71.90%,821,https://leetcode.com/problems/shortest-distance-to-a-character/description,"Given a string `s` and a character `c` that occurs in `s`, return an array of integers `answer` where `answer.length == s.length` and `answer[i]` is the distance from index `i` to the closest occurrence of character `c` in `s`.
 
 The distance between two indices `i` and `j` is `abs(i - j)`, where `abs` is the absolute value function.
 
 
 Example 1:
 Input: s = ""loveleetcode"", c = ""e""
 Output: [3,2,1,0,1,0,0,1,2,2,1,0]
 Explanation: The character 'e' appears at indices 3, 5, 6, and 11 (0-indexed).
 
 The closest occurrence of 'e' for index 0 is at index 3, so the distance is abs(0 - 3) = 3.
 
 The closest occurrence of 'e' for index 1 is at index 3, so the distance is abs(1 - 3) = 3.
 
 For index 4, there is a tie between the 'e' at index 3 and the 'e' at index 5, but the distance is still the same: abs(4 - 3) == abs(4 - 5) = 1.
 
 The closest occurrence of 'e' for index 8 is at index 6, so the distance is abs(8 - 6) = 2.
 
 
 Example 2:
 Input: s = ""aaab"", c = ""b""
 Output: [3,2,1,0]
 
 Constraints:
 `1 <= s.length <= 104`
 `s[i]` and `c` are lowercase English letters.
 
 It is guaranteed that `c` occurs at least once in `s`."
79,Matrix Cells in Distance Order,"['Array', 'Math', 'Geometry', '2+']",71.90%,1030,https://leetcode.com/problems/matrix-cells-in-distance-order/description,"We are given a matrix with `R` rows and `C` columns has cells with integer coordinates `(r, c)`, where `0 <= r < R` and `0 <= c < C`.
 
 Additionally, we are given a cell in that matrix with coordinates `(r0, c0)`.
 
 Return the coordinates of all cells in the matrix, sorted by their distance from `(r0, c0)` from smallest distance to largest distance. Here, the distance between two cells `(r1, c1)` and `(r2, c2)` is the Manhattan distance, `|r1 - r2| + |c1 - c2|`. (You may return the answer in any order that satisfies this condition.)
 
 Example 1:
 Input: R = 1, C = 2, r0 = 0, c0 = 0
 Output: [[0,0],[0,1]]
 Explanation: The distances from (r0, c0) to other cells are: [0,1]
 
 Example 2:
 Input: R = 2, C = 2, r0 = 0, c0 = 1
 Output: [[0,1],[0,0],[1,1],[1,0]]
 Explanation: The distances from (r0, c0) to other cells are: [0,1,1,2]
 The answer [[0,1],[1,1],[0,0],[1,0]] would also be accepted as correct.
 
 
 Example 3:
 Input: R = 2, C = 3, r0 = 1, c0 = 2
 Output: [[1,2],[0,2],[1,1],[0,1],[1,0],[0,0]]
 Explanation: The distances from (r0, c0) to other cells are: [0,1,1,2,2,3]
 There are other answers that would also be accepted as correct, such as [[1,2],[1,1],[0,2],[1,0],[0,1],[0,0]].
 
 Note:
 `1 <= R <= 100`
 `1 <= C <= 100`
 `0 <= r0 < R`
 `0 <= c0 < C`"
80,Minimum Cost to Move Chips to The Same Position,"['Array', 'Math', 'Greedy']",71.80%,1217,https://leetcode.com/problems/minimum-cost-to-move-chips-to-the-same-position/description,"We have `n` chips, where the position of the `ith` chip is `position[i]`.
 
 We need to move all the chips to the same position. In one step, we can change the position of the `ith` chip from `position[i]` to:
 `position[i] + 2` or `position[i] - 2` with `cost = 0`.
 
 `position[i] + 1` or `position[i] - 1` with `cost = 1`.
 
 Return the minimum cost needed to move all the chips to the same position.
 
 
 Example 1:
 Input: position = [1,2,3]
 Output: 1
 Explanation: First step: Move the chip at position 3 to position 1 with cost = 0.
 
 Second step: Move the chip at position 2 to position 1 with cost = 1.
 
 Total cost is 1.
 
 
 Example 2:
 Input: position = [2,2,2,3,3]
 Output: 2
 Explanation: We can move the two chips at position 3 to position 2. Each move has cost = 1. The total cost = 2.
 
 
 Example 3:
 Input: position = [1,1000000000]
 Output: 1
 
 Constraints:
 `1 <= position.length <= 100`
 `1 <= position[i] <= 10^9`"
81,Crawler Log Folder,"['Array', 'String', 'Stack']",71.70%,1598,https://leetcode.com/problems/crawler-log-folder/description,"The Leetcode file system keeps a log each time some user performs a change folder operation.
 
 The operations are described below:
 `""../""` : Move to the parent folder of the current folder. (If you are already in the main folder, remain in the same folder).
 
 `""./""` : Remain in the same folder.
 
 `""x/""` : Move to the child folder named `x` (This folder is guaranteed to always exist).
 
 You are given a list of strings `logs` where `logs[i]` is the operation performed by the user at the `ith` step.
 
 The file system starts in the main folder, then the operations in `logs` are performed.
 
 Return the minimum number of operations needed to go back to the main folder after the change folder operations.
 
 
 Example 1:
 Input: logs = [""d1/"",""d2/"",""../"",""d21/"",""./""]
 Output: 2
 Explanation: Use this change folder operation ""../"" 2 times and go back to the main folder.
 
 
 Example 2:
 Input: logs = [""d1/"",""d2/"",""./"",""d3/"",""../"",""d31/""]
 Output: 3
 
 Example 3:
 Input: logs = [""d1/"",""../"",""../"",""../""]
 Output: 0
 
 Constraints:
 `1 <= logs.length <= 103`
 `2 <= logs[i].length <= 10`
 `logs[i]` contains lowercase English letters, digits, `'.'`, and `'/'`.
 
 `logs[i]` follows the format described in the statement.
 
 Folder names consist of lowercase English letters and digits."
82,Keyboard Row,"['Array', 'Hash Table', 'String']",71.50%,500,https://leetcode.com/problems/keyboard-row/description,"Given an array of strings `words`, return the words that can be typed using letters of the alphabet on only one row of American keyboard like the image below.
 
 In the American keyboard:
 the first row consists of the characters `""qwertyuiop""`,
 the second row consists of the characters `""asdfghjkl""`, and
 the third row consists of the characters `""zxcvbnm""`.
 
 
 Example 1:
 Input: words = [""Hello"",""Alaska"",""Dad"",""Peace""]
 Output: [""Alaska"",""Dad""]
 
 Example 2:
 Input: words = [""omk""]
 Output: []
 
 Example 3:
 Input: words = [""adsdf"",""sfd""]
 Output: [""adsdf"",""sfd""]
 
 Constraints:
 `1 <= words.length <= 20`
 `1 <= words[i].length <= 100`
 `words[i]` consists of English letters (both lowercase and uppercase)."
83,Replace Elements with Greatest Element on Right Side,['Array'],71.30%,1299,https://leetcode.com/problems/replace-elements-with-greatest-element-on-right-side/description,"Given an array `arr`, replace every element in that array with the greatest element among the elements to its right, and replace the last element with `-1`.
 
 After doing so, return the array.
 
 
 Example 1:
 Input: arr = [17,18,5,4,6,1]
 Output: [18,6,6,6,1,-1]
 Explanation: 
 - index 0 --> the greatest element to the right of index 0 is index 1 (18).
 
 - index 1 --> the greatest element to the right of index 1 is index 4 (6).
 
 - index 2 --> the greatest element to the right of index 2 is index 4 (6).
 
 - index 3 --> the greatest element to the right of index 3 is index 4 (6).
 
 - index 4 --> the greatest element to the right of index 4 is index 5 (1).
 
 - index 5 --> there are no elements to the right of index 5, so we put -1.
 
 
 Example 2:
 Input: arr = [400]
 Output: [-1]
 Explanation: There are no elements to the right of index 0.
 
 
 Constraints:
 `1 <= arr.length <= 104`
 `1 <= arr[i] <= 105`"
84,Water Bottles,"['Math', 'Simulation']",71.00%,1518,https://leetcode.com/problems/water-bottles/description,"Given `numBottles` full water bottles, you can exchange `numExchange` empty water bottles for one full water bottle.
 
 The operation of drinking a full water bottle turns it into an empty bottle.
 
 Return the maximum number of water bottles you can drink.
 
 
 Example 1:
 Input: numBottles = 9, numExchange = 3
 Output: 13
 Explanation: You can exchange 3 empty bottles to get 1 full water bottle.
 
 Number of water bottles you can drink: 9 + 3 + 1 = 13.
 
 
 Example 2:
 Input: numBottles = 15, numExchange = 4
 Output: 19
 Explanation: You can exchange 4 empty bottles to get 1 full water bottle. 
 Number of water bottles you can drink: 15 + 3 + 1 = 19.
 
 
 Example 3:
 Input: numBottles = 5, numExchange = 5
 Output: 6
 
 Example 4:
 Input: numBottles = 2, numExchange = 3
 Output: 2
 
 Constraints:
 `1 <= numBottles <= 100`
 `2 <= numExchange <= 100`"
85,Smallest Range I,"['Array', 'Math']",70.90%,908,https://leetcode.com/problems/smallest-range-i/description,"Given an array `A` of integers, for each integer `A[i]` we may choose any `x` with `-K <= x <= K`, and add `x` to `A[i]`.
 
 After this process, we have some array `B`.
 
 Return the smallest possible difference between the maximum value of `B` and the minimum value of `B`.
 
 
 Example 1:
 Input: A = [1], K = 0
 Output: 0
 Explanation: B = [1]
 
 Example 2:
 Input: A = [0,10], K = 2
 Output: 6
 Explanation: B = [2,8]
 
 Example 3:
 Input: A = [1,3,6], K = 3
 Output: 0
 Explanation: B = [3,3,3] or B = [4,4,4]
 Note:
 `1 <= A.length <= 10000`
 `0 <= A[i] <= 10000`
 `0 <= K <= 10000`"
86,Sort Array By Parity II,"['Array', 'Two Pointers', 'Sorting']",70.90%,922,https://leetcode.com/problems/sort-array-by-parity-ii/description,"Given an array of integers `nums`, half of the integers in `nums` are odd, and the other half are even.
 
 Sort the array so that whenever `nums[i]` is odd, `i` is odd, and whenever `nums[i]` is even, `i` is even.
 
 Return any answer array that satisfies this condition.
 
 
 Example 1:
 Input: nums = [4,2,5,7]
 Output: [4,5,2,7]
 Explanation: [4,7,2,5], [2,5,4,7], [2,7,4,5] would also have been accepted.
 
 
 Example 2:
 Input: nums = [2,3]
 Output: [2,3]
 
 Constraints:
 `2 <= nums.length <= 2 * 104`
 `nums.length` is even.
 
 Half of the integers in `nums` are even.
 
 `0 <= nums[i] <= 1000`"
87,Find Words That Can Be Formed by Characters,"['Array', 'Hash Table', 'String', '1+']",70.70%,1160,https://leetcode.com/problems/find-words-that-can-be-formed-by-characters/description,"You are given an array of strings `words` and a string `chars`.
 
 A string is good if it can be formed by characters from `chars` (each character can only be used once).
 
 Return the sum of lengths of all good strings in `words`.
 
 
 Example 1:
 Input: words = [""cat"",""bt"",""hat"",""tree""], chars = ""atach""
 Output: 6
 Explanation: 
 The strings that can be formed are ""cat"" and ""hat"" so the answer is 3 + 3 = 6.
 
 
 Example 2:
 Input: words = [""hello"",""world"",""leetcode""], chars = ""welldonehoneyr""
 Output: 10
 Explanation: 
 The strings that can be formed are ""hello"" and ""world"" so the answer is 5 + 5 = 10.
 
 Note:
 `1 <= words.length <= 1000`
 `1 <= words[i].length, chars.length <= 100`
 All strings contain lowercase English letters only."